Distrito,parlamentario/a,coalición,partido político,Votos obtenidos,% obtenido,año elección
1,Luis Leblanc Valenzuela,Concertación de Partidos por la Democracia,DC,21314,"25,08%",1989
1,Carlos Valcarce Medina,Democracia y Progreso,RN,21497,"25,3%",1989
2,Vladislav Kuzmicic Calderón,Concertación de Partidos por la Democracia,PPD,30007,"39,16%",1989
2,Ramón Pérez Opazo,Democracia y Progreso,Ind-RN,22782,"29,73%",1989
3,Nicanor de la Cruz,Concertación de Partidos por la Democracia,Ind-PPD,24803,"29,16%",1989
3,Carlos Cantero Ojeda,Democracia y Progreso,RN,13901,"16,34%",1989
4,Felipe Valenzuela Herrera,Concertación de Partidos por la Democracia,PPD,40124,"33,54%",1989
4,Rubén Gajardo Chacón,Concertación de Partidos por la Democracia,DC,35630,"29,78%",1989
5,Sergio Pizarro Mackay,Concertación de Partidos por la Democracia,DC,20313,"30,84%",1989
5,Carlos Vilches Guzmán,Democracia y Progreso,RN,11271,"17,11%",1989
6,Armando Arancibia Calderón,Concertación de Partidos por la Democracia,PPD,13143,"30,64%",1989
6,Baldo Prokurica Prokurica,Democracia y Progreso,RN,11644,"27,15%",1989
7,Eugenio Munizaga Rodríguez,Democracia y Progreso,RN,25376,"31,05%",1989
7,Joaquín Palma Irarrázaval,Concertación de Partidos por la Democracia,DC,21256,"26,01%",1989
8,Jorge Pizarro Soto,Concertación de Partidos por la Democracia,DC,35068,"37,1%",1989
8,Jorge Morales Adriasola,Democracia y Progreso,RN,16817,"17,79%",1989
9,Víctor Manuel Rebolledo,Concertación de Partidos por la Democracia,PPD,22057,"34,74%",1989
9,Julio Rojos Astorga,Concertación de Partidos por la Democracia,DC,19753,"31,11%",1989
10,Eduardo Cerda García,Concertación de Partidos por la Democracia,DC,41004,"31,76%",1989
10,Federico Ringeling Hunger,Democracia y Progreso,RN,31379,"24,31%",1989
11,Sergio Jara Catalán,Concertación de Partidos por la Democracia,DC,26934,"26,88%",1989
11,Claudio Rodríguez Cataldo,Democracia y Progreso,RN,20832,"20,79%",1989
12,Jorge Molina Valdivieso,Concertación de Partidos por la Democracia,PPD,42590,"37,79%",1989
12,Arturo Longton Guerrero,Democracia y Progreso,RN,23005,"20,41%",1989
13,Aldo Cornejo González,Concertación de Partidos por la Democracia,DC,55642,"34,45%",1989
13,Francisco Bartolucci Johnston,Democracia y Progreso,UDI,28593,"17,7%",1989
14,Gustavo Cardemil Alfaro,Concertación de Partidos por la Democracia,DC,47252,"28,61%",1989
14,Raúl Urrutia,Democracia y Progreso,RN,30005,"18,17%",1989
15,Sergio Velasco de La Cerda,Concertación de Partidos por la Democracia,DC,25429,"37,38%",1989
15,Akin Soto Morales,Concertación de Partidos por la Democracia,PPD,16252,"23,89%",1989
16,Adriana Muñoz D'Albora,Concertación de Partidos por la Democracia,PPD,35448,"30,42%",1989
16,Patricio Melero Abaroa,Democracia y Progreso,UDI,23269,"19,97%",1989
17,Ramón Elizalde Hevia,Concertación de Partidos por la Democracia,DC,61640,"33,07%",1989
17,María Maluenda Campos,Concertación de Partidos por la Democracia,PPD,54939,"29,47%",1989
18,Hernán Bosselin Correa,Concertación de Partidos por la Democracia,DC,76105,"37,04%",1989
18,Andrés Sotomayor Mardones,Democracia y Progreso,RN,28114,"13,68%",1989
19,Mario Hamuy Berr,Concertación de Partidos por la Democracia,DC,41876,"30,02%",1989
19,Cristián Leay Morán,Democracia y Progreso,UDI,34137,"24,47%",1989
20,Carlos Dupré Silva,Concertación de Partidos por la Democracia,DC,79757,"36,55%",1989
20,Ángel Fantuzzi Hernández,Democracia y Progreso,RN,65802,"30,15%",1989
21,Alberto Espina Otero,Democracia y Progreso,RN,83922,"40,45%",1989
21,Gutenberg Martínez Ocamina,Concertación de Partidos por la Democracia,DC,72853,"35,11%",1989
22,Carlos Bombal Otaegui,Democracia y Progreso,Ind-UDI,58502,"38,46%",1989
22,Jorge Schaulsohn Brodsky,Concertación de Partidos por la Democracia,PPD,42022,"27,63%",1989
23,Evelyn Matthei Fornet,Democracia y Progreso,RN,79595,"42,32%",1989
23,Eliana Caraball Martínez,Concertación de Partidos por la Democracia,DC,49961,"26,56%",1989
24,María Angélica Cristi Marfil,Democracia y Progreso,Ind-RN,47633,"34,43%",1989
24,Laura Rodríguez Riccomini[nota 1],Concertación de Partidos por la Democracia,PH,40526,"29,29%",1989
25,Andrés Palma Irarrázaval,Concertación de Partidos por la Democracia,DC,83715,"42,78%",1989
25,Jaime Orpis Bouchón,Democracia y Progreso,UDI,42733,"21,83%",1989
26,Carlos Montes Cisternas,Concertación de Partidos por la Democracia,PPD,51504,"35,79%",1989
26,Gustavo Alessandri Balmaceda,Democracia y Progreso,Ind-RN,30484,"21,18%",1989
27,Hernán Rojo Avendaño,Concertación de Partidos por la Democracia,DC,69757,"35,27%",1989
27,Camilo Escalona Medina,Liberal-Socialista Chileno,Ind-PS (Almeyda),50949,"25,76%",1989
28,Rodolfo Seguel Molina,Concertación de Partidos por la Democracia,DC,85358,"42,53%",1989
28,Mario Palestro Rojas,Liberal-Socialista Chileno,Ind-PS (Almeyda),44649,"22,25%",1989
29,Guillermo Yunge Bustamante,Concertación de Partidos por la Democracia,DC,63598,"41,32%",1989
29,Jaime Estévez Valencia,Concertación de Partidos por la Democracia,PPD,35120,"22,82%",1989
30,Andrés Aylwin Azócar,Concertación de Partidos por la Democracia,DC,81125,"55,75%",1989
30,Pablo Longueira Montes,Democracia y Progreso,UDI,37470,"25,75%",1989
31,Vicente Sota Barros,Concertación de Partidos por la Democracia,PPD,43931,"30,7%",1989
31,Juan Antonio Coloma Correa,Democracia y Progreso,UDI,29348,"20,51%",1989
32,Héctor Olivares Solís,Concertación de Partidos por la Democracia,Ind-PPD,37363,"38,34%",1989
32,Federico Mekis Martínez,Democracia y Progreso,RN,32985,"33,85%",1989
33,Juan Pablo Letelier Morel,Unidad para la Democracia,PAIS,28451,"27,61%",1989
33,Andrés Chadwick Piñera,Democracia y Progreso,UDI,27837,"27,01%",1989
34,Hugo Rodríguez Guerrero,Concertación de Partidos por la Democracia,DC,19798,"22,45%",1989
34,Juan Masferrer Pellizari,Democracia y Progreso,Ind-UDI,17987,"20,39%",1989
35,Juan Carlos Latorre Carmona,Concertación de Partidos por la Democracia,DC,21664,"31,03%",1989
35,José María Hurtado Ruiz-Tagle,Democracia y Progreso,RN,11953,"17,12%",1989
36,Gustavo Ramírez Vergara,Concertación de Partidos por la Democracia,DC,44825,"39,1%",1989
36,Sergio Correa de La Cerda,Democracia y Progreso,UDI,26457,"23,08%",1989
37,Eugenio Ortega Riquelme,Concertación de Partidos por la Democracia,DC,39157,"44,66%",1989
37,Sergio Aguiló Melo,Concertación de Partidos por la Democracia,Ind-IC,19405,"22,13%",1989
38,Jaime Campos Quiroga,Concertación de Partidos por la Democracia,PR,34538,"50,43%",1989
38,Pedro Álvarez-Salamanca Büchi,Democracia y Progreso,RN,12628,"18,44%",1989
39,Jaime Naranjo Ortiz,Concertación de Partidos por la Democracia,Ind-IC,31420,"37,41%",1989
39,Luis Navarrete Carvacho,Democracia y Progreso,Ind-UDI,15452,"18,4%",1989
40,Manuel Matta Aragay,Concertación de Partidos por la Democracia,DC,25029,"33,25%",1989
40,Alfonso Rodríguez Del Río,Democracia y Progreso,RN,14578,"19,37%",1989
41,Isidoro Tohá González,Concertación de Partidos por la Democracia,Ind-PPD,40477,"32,65%",1989
41,Pedro Guzmán Álvarez,Democracia y Progreso,UDI,25709,"20,74%",1989
42,Hosaín Sabag Castillo[nota 2],Fuera de Pacto,Ind,43194,"39,06%",1989
42,Hugo Álamos Vásquez,Democracia y Progreso,RN,29491,"26,67%",1989
43,Víctor Jeame Barrueto,Concertación de Partidos por la Democracia,PPD,41356,"34,27%",1989
43,Jorge Ulloa Aguillón,Democracia y Progreso,UDI,17401,"14,42%",1989
44,José Miguel Ortiz Novoa,Concertación de Partidos por la Democracia,DC,56709,"32,8%",1989
44,José Antonio Viera Gallo Quesney,Concertación de Partidos por la Democracia,PPD,51969,"30,06%",1989
45,Edmundo Salas de la Fuente,Concertación de Partidos por la Democracia,DC,33965,"31,49%",1989
45,Juan Martínez Sepúlveda,Unidad para la Democracia,PAIS,24799,"22,99%",1989
46,Claudio Huepe García,Concertación de Partidos por la Democracia,DC,34647,"35,93%",1989
46,Jaime Rocha Manrique,Concertación de Partidos por la Democracia,PR,16493,"17,1%",1989
47,Víctor Pérez Varela,Democracia y Progreso,Ind-UDI,36941,"26,95%",1989
47,Octavio Jara Wolff,Concertación de Partidos por la Democracia,PPD,34746,"25,35%",1989
48,Edmundo Villouta Concha,Concertación de Partidos por la Democracia,DC,22711,"32,16%",1989
48,Francisco Bayo Veloso,Democracia y Progreso,RN,15644,"22,15%",1989
49,Roberto Muñoz Barra,Concertación de Partidos por la Democracia,Ind-SDCH,24958,"37,82%",1989
49,José Antonio Galilea Vidaurre,Democracia y Progreso,RN,14024,"21,25%",1989
50,Francisco Huenchumilla Jaramillo,Concertación de Partidos por la Democracia,DC,46279,"38,67%",1989
50,José García Ruminot,Democracia y Progreso,RN,35240,"29,44%",1989
51,José Peña Meza,Concertación de Partidos por la Democracia,PR,15875,"25,06%",1989
51,Teodoro Ribera Neumann,Democracia y Progreso,RN,13273,"20,96%",1989
52,Mario Acuña Cisternas,Concertación de Partidos por la Democracia,DC,18623,"29,75%",1989
52,René Manuel García García,Democracia y Progreso,RN,18305,"29,24%",1989
53,Juan Concha Urbina,Concertación de Partidos por la Democracia,DC,32085,"37,41%",1989
53,Juan Enrique Taladriz García,Democracia y Progreso,RN,22947,"26,76%",1989
54,Carlos Caminondo Sáez,Democracia y Progreso,RN,23894,"29,82%",1989
54,Mario Devaud Ojeda,Concertación de Partidos por la Democracia,PR,20042,"25,01%",1989
55,Sergio Ojeda Uribe,Concertación de Partidos por la Democracia,DC,30536,"38,95%",1989
55,Marina Prochelle Aguilar,Democracia y Progreso,RN,21134,"26,96%",1989
56,Víctor Reyes Alvarado,Concertación de Partidos por la Democracia,DC,19077,"28,49%",1989
56,Carlos Recondo Lavanderos,Democracia y Progreso,UDI,12565,"18,76%",1989
57,Sergio Elgueta Barrientos,Concertación de Partidos por la Democracia,DC,22651,"28,63%",1989
57,Carlos Kuschel Silva,Democracia y Progreso,RN,21211,"26,81%",1989
58,Dionisio Faulbaum Mayorga,Concertación de Partidos por la Democracia,PR,18252,"27,39%",1989
58,Juan Alberto Pérez Muñoz,Democracia y Progreso,RN,16216,"24,34%",1989
59,Antonio Horvath Kiss,Democracia y Progreso,Ind-RN,13778,"37,74%",1989
59,Baldemar Carrasco Muñoz,Concertación de Partidos por la Democracia,DC,9264,"25,38%",1989
60,Milenko Vilicic Karnincic,Concertación de Partidos por la Democracia,Ind-PAC,27546,"34,85%",1989
60,Carlos Smok Ubeda,Concertación de Partidos por la Democracia,PPD,23857,"30,18%",1989
1,Salvador Urrutia Cárdenas,Concertación de Partidos por la Democracia,PPD,35928,"43,04%",1993
1,Carlos Valcarce Medina,Unión por el progreso de Chile,RN,24386,"29,21%",1993
2,Jorge Soria Macchiavello,Concertación de Partidos por la Democracia,PPD,23941,"30,37%",1993
2,Ramón Pérez Opazo,Unión por el progreso de Chile,RN,28909,"36,67%",1993
3,Fanny Pollarolo Villa,Concertación de Partidos por la Democracia,Ind-PDI,34426,"42,82%",1993
3,Carlos Cantero Ojeda,Unión por el progreso de Chile,RN,17931,"22,3%",1993
4,Felipe Valenzuela Herrera,Concertación de Partidos por la Democracia,PS,31799,"27,45%",1993
4,Rubén Gajardo Chacón,Concertación de Partidos por la Democracia,DC,43761,"37,78%",1993
5,Erick Villegas González,Concertación de Partidos por la Democracia,DC,19090,"28,94%",1993
5,Carlos Vilches Guzmán,Unión por el progreso de Chile,RN,13320,"20,19%",1993
6,Armando Arancibia Calderón,Concertación de Partidos por la Democracia,PS,11345,"25,95%",1993
6,Baldo Prokurica Prokurica,Unión por el progreso de Chile,RN,12125,"27,74%",1993
7,Joaquín Palma Irarrázaval,Concertación de Partidos por la Democracia,DC,24562,"29,47%",1993
7,Eugenio Munizaga Rodríguez,Unión por el progreso de Chile,RN,23007,"27,61%",1993
8,Jorge Pizarro Soto,Concertación de Partidos por la Democracia,DC,51258,"52,33%",1993
8,Francisco Encina Moriamez,Concertación de Partidos por la Democracia,PS,13360,"13,64%",1993
9,Renán Fuentealba Vildósola,Concertación de Partidos por la Democracia,DC,15512,"24,63%",1993
9,Isabel Allende Bussi,Concertación de Partidos por la Democracia,PS,21752,"34,54%",1993
10,Ignacio Walker Prieto,Concertación de Partidos por la Democracia,DC,46214,"34,25%",1993
10,Alfonso Vargas Lyng,Unión por el progreso de Chile,RN,32840,"24,34%",1993
11,Nelson Ávila Contreras,Concertación de Partidos por la Democracia,PPD,34554,"33,08%",1993
11,Claudio Rodríguez Cataldo,Unión por el progreso de Chile,RN,29213,"27,96%",1993
12,Iván de La Maza Maillet,Concertación de Partidos por la Democracia,DC,42891,"37,78%",1993
12,Arturo Longton Guerrero,Unión por el progreso de Chile,RN,38630,"34,03%",1993
13,Aldo Cornejo González,Concertación de Partidos por la Democracia,DC,64232,"41,67%",1993
13,Francisco Bartolucci Johnston,Unión por el progreso de Chile,UDI,45010,"29,2%",1993
14,José Makluf Campos,Concertación de Partidos por la Democracia,DC,44996,"28,1%",1993
14,Raúl Urrutia Ávila,Unión por el progreso de Chile,RN,47729,"29,81%",1993
15,Samuel Venegas Rubio,Concertación de Partidos por la Democracia,DC,30174,"39,85%",1993
15,Evelyn Matthei Fornet,Unión por el progreso de Chile,Ind-RN,19572,"25,85%",1993
16,Zarko Luksic Sandoval,Concertación de Partidos por la Democracia,DC,38186,"30,93%",1993
16,Patricio Melero Abaroa,Unión por el progreso de Chile,UDI,35881,"29,06%",1993
17,Ramón Elizalde Hevia,Concertación de Partidos por la Democracia,DC,58693,"33,8%",1993
17,María Antonieta Saa Díaz,Concertación de Partidos por la Democracia,PPD,62190,"35,82%",1993
18,Ignacio Balbontín Arteaga,Concertación de Partidos por la Democracia,DC,38719,"19,79%",1993
18,Guido Girardi Lavín,Concertación de Partidos por la Democracia,PPD,85537,"42,69%",1993
19,Mario Hamuy Berr,Concertación de Partidos por la Democracia,DC,37748,"28,59%",1993
19,Cristián Leay Morán,Unión por el progreso de Chile,UDI,32757,"24,81%",1993
20,Carlos Dupré Silva,Concertación de Partidos por la Democracia,DC,69617,"31,82%",1993
20,Ángel Fantuzzi Hernández,Unión por el progreso de Chile,RN,76679,"35,05%",1993
21,Gutenberg Martínez Ocamina,Concertación de Partidos por la Democracia,DC,74079,"38,7%",1993
21,Alberto Espina Otero,Unión por el progreso de Chile,RN,82941,"43,33%",1993
22,Jorge Schaulsohn Brodsky,Concertación de Partidos por la Democracia,PPD,50386,"37,51%",1993
22,Alberto Cardemil Herrera,Unión por el progreso de Chile,RN,35740,"26,61%",1993
23,Carlos Bombal Otaegui,Unión por el progreso de Chile,UDI,65449,"34,89%",1993
23,Andrés Allamand Zavala,Unión por el progreso de Chile,RN,58471,"31,17%",1993
24,María Angélica Cristi Marfil,Unión por el progreso de Chile,RN,54016,"39,19%",1993
24,Tomás Jocelyn-Holt Letelier,Concertación de Partidos por la Democracia,DC,43100,"31,27%",1993
25,Andrés Palma Irarrázaval,Concertación de Partidos por la Democracia,DC,63431,"34,79%",1993
25,Jaime Orpis Bouchón,Unión por el progreso de Chile,UDI,49538,"27,17%",1993
26,Mariana Aylwin Oyarzún,Concertación de Partidos por la Democracia,DC,48309,"32,91%",1993
26,Carlos Montes Cisternas,Concertación de Partidos por la Democracia,PS,47919,"32,64%",1993
27,Camilo Escalona Medina,Concertación de Partidos por la Democracia,PS,62629,"33,39%",1993
27,Iván Moreira Barros,Unión por el progreso de Chile,UDI,52639,"28,06%",1993
28,Rodolfo Seguel Molina,Concertación de Partidos por la Democracia,DC,46811,"25,57%",1993
28,Darío Paya Mira,Unión por el progreso de Chile,UDI,41029,"22,41%",1993
29,Maximiano Errázuriz Eguiguren,Unión por el progreso de Chile,RN,32271,"19,69%",1993
29,Jaime Estévez Valencia,Concertación de Partidos por la Democracia,PS,52706,"32,16%",1993
30,Andrés Aylwin Azócar,Concertación de Partidos por la Democracia,DC,68442,"46,2%",1993
30,Pablo Longueira Montes,Unión por el progreso de Chile,UDI,47282,"31,92%",1993
31,Vicente Sota Barros,Concertación de Partidos por la Democracia,PPD,48858,"32,59%",1993
31,Juan Antonio Coloma Correa,Unión por el progreso de Chile,UDI,49076,"32,73%",1993
32,Aníbal Pérez Lobos,Concertación de Partidos por la Democracia,PS,28757,"30,64%",1993
32,Alejandro García-Huidobro,Unión por el progreso de Chile,UCC,24398,26%,1993
33,Juan Pablo Letelier Morel,Concertación de Partidos por la Democracia,PS,46577,"41,89%",1993
33,Andrés Chadwick Piñera,Unión por el progreso de Chile,UDI,35361,"31,8%",1993
34,Sergio Morales Morales,Concertación de Partidos por la Democracia,PR,24565,"26,75%",1993
34,Juan Masferrer Pellizari,Unión por el progreso de Chile,UDI,20126,"21,92%",1993
35,Juan Carlos Latorre Carmona,Concertación de Partidos por la Democracia,DC,33338,"46,05%",1993
35,José María Hurtado Ruiz-Tagle,Unión por el progreso de Chile,RN,13030,18%,1993
36,Roberto León Ramírez,Concertación de Partidos por la Democracia,DC,43484,"37,6%",1993
36,Sergio Correa de La Cerda,Unión por el progreso de Chile,UDI,35455,"30,66%",1993
37,Sergio Aguiló Melo,Concertación de Partidos por la Democracia,PS,38066,"44,36%",1993
37,Homero Gutiérrez Román,Concertación de Partidos por la Democracia,DC,17067,"19,89%",1993
38,Romy Rebolledo Leyton,Concertación de Partidos por la Democracia,PPD,24874,"35,07%",1993
38,Pedro Álvarez-Salamanca Büchi,Unión por el progreso de Chile,RN,15034,"21,2%",1993
39,Jaime Naranjo Ortiz,Concertación de Partidos por la Democracia,PS,44883,"53,4%",1993
39,Luis Ferrada Valenzuela,Unión por el progreso de Chile,RN,24974,"29,72%",1993
40,Osvaldo Vega Vera,Unión por el progreso de Chile,UDI,21396,"28,49%",1993
40,Guillermo Ceroni Fuentes,Concertación de Partidos por la Democracia,PPD,17054,"22,71%",1993
41,Isidoro Tohá González,Concertación de Partidos por la Democracia,PS,41206,"33,27%",1993
41,Rosauro Martínez Labbé,Unión por el progreso de Chile,Ind-RN,46727,"37,73%",1993
42,Hosaín Sabag Castillo,Concertación de Partidos por la Democracia,DC,63600,"56,35%",1993
42,Felipe Letelier Norambuena,Concertación de Partidos por la Democracia,PPD,21155,"18,74%",1993
43,Jorge Ulloa Aguillón,Unión por el progreso de Chile,UDI,33558,"27,96%",1993
43,Víctor Jeame Barrueto,Concertación de Partidos por la Democracia,PPD,30361,"25,3%",1993
44,José Miguel Ortiz Novoa,Concertación de Partidos por la Democracia,DC,55622,"33,29%",1993
44,José Antonio Viera Gallo Quesney,Concertación de Partidos por la Democracia,PS,51829,"31,02%",1993
45,Edmundo Salas de la Fuente,Concertación de Partidos por la Democracia,DC,44680,"40,95%",1993
45,Alejandro Navarro Brain,Concertación de Partidos por la Democracia,PS,27328,"25,05%",1993
46,Martita Worner Tapia,Concertación de Partidos por la Democracia,PPD,39059,"41,45%",1993
46,Jaime Rocha Manrique,Concertación de Partidos por la Democracia,PR,17384,"18,45%",1993
47,Octavio Jara Wolff,Concertación de Partidos por la Democracia,PPD,54079,"38,2%",1993
47,Víctor Pérez Varela,Unión por el progreso de Chile,UDI,32446,"22,92%",1993
48,Edmundo Villouta Concha,Concertación de Partidos por la Democracia,DC,21272,"29,78%",1993
48,Francisco Bayo Veloso,Unión por el progreso de Chile,RN,14498,"20,3%",1993
49,Miguel Hernández Saffirio,Concertación de Partidos por la Democracia,DC,19518,"29,74%",1993
49,José Antonio Galilea Vidaurre,Unión por el progreso de Chile,RN,18773,"28,6%",1993
50,Francisco Huenchumilla,Concertación de Partidos por la Democracia,DC,55798,"42,27%",1993
50,José García Ruminot,Unión por el progreso de Chile,RN,39505,"33,47%",1993
51,Eugenio Tuma Zedán,Concertación de Partidos por la Democracia,PPD,20818,"31,58%",1993
51,Teodoro Ribera Neumann,Unión por el progreso de Chile,RN,17800,27%,1993
52,Mario Acuña Cisternas,Concertación de Partidos por la Democracia,DC,23013,"36,44%",1993
52,René Manuel García García,Unión por el progreso de Chile,RN,24914,"39,45%",1993
53,Exequiel Silva Ortiz,Concertación de Partidos por la Democracia,DC,27531,"32,91%",1993
53,Juan Enrique Taladriz García,Unión por el progreso de Chile,RN,30060,"35,93%",1993
54,José Luis González Rodríguez,Concertación de Partidos por la Democracia,PPD,25305,"31,1%",1993
54,Carlos Caminondo Sáez,Unión por el progreso de Chile,RN,24249,"29,8%",1993
55,Sergio Ojeda Uribe,Concertación de Partidos por la Democracia,DC,27737,"35,06%",1993
55,Marina Prochelle Aguilar,Unión por el progreso de Chile,RN,21005,"26,55%",1993
56,Víctor Reyes Alvarado,Concertación de Partidos por la Democracia,DC,26685,"37,99%",1993
56,Harry Jurgensen Caesar,Unión por el progreso de Chile,RN,18938,"26,96%",1993
57,Sergio Elgueta Barrientos,Concertación de Partidos por la Democracia,DC,24895,"30,85%",1993
57,Carlos Ignacio Kuschel Silva,Unión por el progreso de Chile,RN,20287,"25,14%",1993
58,Gabriel Ascencio Mansilla,Concertación de Partidos por la Democracia,DC,22172,"32,56%",1993
58,Claudio Alvarado Andrade,Unión por el progreso de Chile,Ind-UDI,15505,"22,77%",1993
59,Héctor Zambrano Opazo,Concertación de Partidos por la Democracia,DC,10230,"26,95%",1993
59,Valentín Solís Cabezas,Unión por el progreso de Chile,UCC,8318,"21,91%",1993
60,Pedro Muñoz Aburto,Concertación de Partidos por la Democracia,PS,21504,"29,79%",1993
60,Vicente Karelovic Vrandecic,Unión por el progreso de Chile,Ind-UDI,17102,"23,69%",1993
1,Salvador Urrutia Cárdenas,Concertación de Partidos por la Democracia,PPD,14358,"21,28%",1997
1,Rosa González Román,Fuera de Pacto,Ind,17680,"26,2%",1997
2,Antonella Sciaraffia Estrada,Concertación de Partidos por la Democracia,DC,28580,"36,97%",1997
2,Jorge Soria Macchiavello,Concertación de Partidos por la Democracia,PPD,21184,"27,41%",1997
3,Fanny Pollarolo Villa,Concertación de Partidos por la Democracia,PS,26254,"40,58%",1997
3,Waldo Mora Longa,Concertación de Partidos por la Democracia,DC,13812,"21,35%",1997
4,Felipe Valenzuela Herrera,Concertación de Partidos por la Democracia,PS,31556,"31,4%",1997
4,Manuel Rojas Molina,Unión por Chile,UDI,21412,"21,3%",1997
5,Antonio Leal Labrín,Concertación de Partidos por la Democracia,PPD,13242,"27,04%",1997
5,Carlos Vilches Guzmán,Unión por Chile,RN,10502,"21,44%",1997
6,Baldo Prokurica Prokurica,Unión por Chile,RN,14753,"37,89%",1997
6,Jaime Mulet Martínez,Concertación de Partidos por la Democracia,DC,12012,"30,85%",1997
7,Joaquín Palma Irarrázaval,Concertación de Partidos por la Democracia,DC,18642,"25,5%",1997
7,Mario Bertolino Rendic,Unión por Chile,RN,15921,"21,78%",1997
8,Patricio Walker Prieto,Concertación de Partidos por la Democracia,DC,30246,35%,1997
8,Francisco Encina Moriamez,Concertación de Partidos por la Democracia,PS,22301,"25,81%",1997
9,Adriana Muñoz D'Albora,Concertación de Partidos por la Democracia,PPD,14757,"26,68%",1997
9,Darío Molina Sanhueza,Unión por Chile,UDI,8662,"15,66%",1997
10,Ignacio Walker Prieto,Concertación de Partidos por la Democracia,DC,46015,"39,81%",1997
10,Alfonso Vargas Lyng,Unión por Chile,RN,34704,"30,03%",1997
11,Nelson Ávila Contreras,Concertación de Partidos por la Democracia,PPD,56126,"58,47%",1997
11,Patricio Cornejo Vidaurrazaga,Concertación de Partidos por la Democracia,DC,8268,"8,61%",1997
12,Juan Bustos Ramírez,Concertación de Partidos por la Democracia,PS,23614,"27,6%",1997
12,Arturo Longton Guerrero,Unión por Chile,RN,27489,"32,13%",1997
13,Aldo Cornejo González,Concertación de Partidos por la Democracia,DC,36691,"33,43%",1997
13,Francisco Bartolucci Johnston,Unión por Chile,UDI,34797,"31,71%",1997
14,Laura Soto González,Concertación de Partidos por la Democracia,PPD,39432,"31,29%",1997
14,Gonzalo Ibáñez Santa María,Unión por Chile,Ind-UDI,35363,"28,06%",1997
15,Samuel Venegas Rubio,Fuera de Pacto,Ind,22342,"33,03%",1997
15,Sergio Velasco de La Cerda,Concertación de Partidos por la Democracia,DC,14566,"21,54%",1997
16,Zarko Luksic Sandoval,Concertación de Partidos por la Democracia,DC,34030,"30,74%",1997
16,Patricio Melero Abaroa,Unión por Chile,UDI,33483,"30,24%",1997
17,Manuel Bustos Huerta[nota 3],Concertación de Partidos por la Democracia,DC,33025,"22,45%",1997
17,María Antonieta Saa Díaz,Concertación de Partidos por la Democracia,PPD,49432,"33,6%",1997
18,Guido Girardi Lavín,Concertación de Partidos por la Democracia,PPD,115791,"65,92%",1997
18,Carlos Olivares Zepeda,Concertación de Partidos por la Democracia,DC,11080,"6,31%",1997
19,Patricio Hales Dib,Concertación de Partidos por la Democracia,PPD,34625,"31,87%",1997
19,Cristián Leay Morán,Unión por Chile,UDI,32401,"29,82%",1997
20,Luis Pareto González,Concertación de Partidos por la Democracia,DC,64619,"34,2%",1997
20,Gustavo Alessandri Valdés,Unión por Chile,RN,55117,"29,17%",1997
21,Alberto Espina Otero,Unión por Chile,RN,68627,"41,19%",1997
21,Gutenberg Martínez Ocamina,Concertación de Partidos por la Democracia,DC,39077,"23,45%",1997
22,Alberto Cardemil Herrera,Unión por Chile,RN,33917,"31,06%",1997
22,Enrique Krauss Rusque,Concertación de Partidos por la Democracia,DC,31530,"28,87%",1997
23,Julio Dittborn Cordua,Unión por Chile,UDI,58446,"34,05%",1997
23,Pía Guzmán Mena,Unión por Chile,RN,50516,"29,43%",1997
24,María Angélica Cristi Marfil,Unión por Chile,RN,61810,"50,79%",1997
24,Tomás Jocelyn-Holt Letelier,Concertación de Partidos por la Democracia,DC,26126,"21,47%",1997
25,Andrés Palma Irarrázaval,Concertación de Partidos por la Democracia,DC,50462,"33,18%",1997
25,Jaime Orpis Bouchón,Unión por Chile,UDI,44878,"29,5%",1997
26,Carlos Montes Cisternas,Concertación de Partidos por la Democracia,PS,54536,"40,74%",1997
26,Lily Pérez San Martín,Unión por Chile,RN,41228,"30,8%",1997
27,Eliana Caraball Martínez,Concertación de Partidos por la Democracia,DC,39736,"25,58%",1997
27,Iván Moreira Barros,Unión por Chile,UDI,58049,"37,38%",1997
28,Rodolfo Seguel Molina,Concertación de Partidos por la Democracia,DC,38114,"25,43%",1997
28,Darío Paya Mira,Unión por Chile,UDI,34325,"22,9%",1997
29,Maximiano Errázuriz Eguiguren,Unión por Chile,RN,54260,"35,94%",1997
29,Isabel Allende Bussi,Concertación de Partidos por la Democracia,PS,53694,"35,57%",1997
30,Pablo Longueira Montes,Unión por Chile,UDI,51360,"40,45%",1997
30,Edgardo Riveros Marín,Concertación de Partidos por la Democracia,DC,36483,"28,73%",1997
31,Juan Antonio Coloma Correa,Unión por Chile,UDI,62772,"47,53%",1997
31,Jaime Jiménez Villavicencio,Concertación de Partidos por la Democracia,DC,34944,"26,46%",1997
32,Aníbal Pérez Lobos,Concertación de Partidos por la Democracia,PPD,30927,"37,88%",1997
32,Alejandro García-Huidobro,Chile 2000,UCCP,18890,"23,14%",1997
33,Juan Pablo Letelier Morel,Concertación de Partidos por la Democracia,PS,58710,"57,58%",1997
33,Ricardo Rincón González,Concertación de Partidos por la Democracia,DC,8911,"8,74%",1997
34,Juan Nuñez Valenzuela,Concertación de Partidos por la Democracia,DC,18071,"22,39%",1997
34,Juan Masferrer Pellizari,Unión por Chile,UDI,15251,"18,9%",1997
35,Rafael Arratia Valdebenito,Concertación de Partidos por la Democracia,DC,19347,"28,61%",1997
35,María Victoria Ovalle Ovalle,Chile 2000,UCCP,16170,"23,91%",1997
36,Roberto León Ramírez,Concertación de Partidos por la Democracia,DC,29925,"29,84%",1997
36,Sergio Correa de La Cerda,Unión por Chile,UDI,20110,"20,05%",1997
37,Sergio Aguiló Melo,Concertación de Partidos por la Democracia,PS,37649,"52,03%",1997
37,Homero Gutiérrez Román,Concertación de Partidos por la Democracia,DC,10616,"14,67%",1997
38,Pedro Álvarez-Salamanca Büchi,Unión por Chile,RN,21015,"32,42%",1997
38,Pablo Lorenzini Basso,Concertación de Partidos por la Democracia,DC,16276,"25,11%",1997
39,Jaime Naranjo Ortiz,Concertación de Partidos por la Democracia,PS,38164,"50,21%",1997
39,Osvaldo Palma Flores,Unión por Chile,RN,14463,"19,03%",1997
40,Guillermo Ceroni Fuentes,Concertación de Partidos por la Democracia,PPD,22946,"35,07%",1997
40,Osvaldo Vega Vera,Unión por Chile,RN,20013,"30,59%",1997
41,Rosauro Martínez Labbé,Unión por Chile,Ind-RN,49722,"46,18%",1997
41,Carlos Abel Jarpa Wevar,Concertación de Partidos por la Democracia,PRSD,33558,"31,17%",1997
42,Iván Mesías Lehu,Concertación de Partidos por la Democracia,PRSD,38532,"37,94%",1997
42,Felipe Letelier Norambuena,Concertación de Partidos por la Democracia,PPD,26342,"25,94%",1997
43,Jorge Ulloa Aguillón,Unión por Chile,UDI,31373,"32,94%",1997
43,Víctor Jeame Barrueto,Concertación de Partidos por la Democracia,PPD,30842,"32,38%",1997
44,José Miguel Ortiz Novoa,Concertación de Partidos por la Democracia,DC,41499,"30,74%",1997
44,Enrique van Rysselberghe Herrera,Unión por Chile,UDI,34609,"25,64%",1997
45,Alejandro Navarro Brain,Concertación de Partidos por la Democracia,PS,33949,"35,98%",1997
45,Edmundo Salas de la Fuente,Concertación de Partidos por la Democracia,DC,31316,"33,19%",1997
46,Jaime Rocha Manrique,Concertación de Partidos por la Democracia,PRSD,23661,"30,76%",1997
46,Haroldo Fossa Rojas,Unión por Chile,RN,11409,"14,83%",1997
47,Víctor Pérez Varela,Unión por Chile,UDI,43640,"36,28%",1997
47,José Pérez Arriagada,Concertación de Partidos por la Democracia,PRSD,29311,"24,37%",1997
48,Luis Monge Sánchez,Unión por Chile,Ind-UDI,17454,"27,92%",1997
48,Edmundo Villouta Concha,Concertación de Partidos por la Democracia,DC,15299,"24,47%",1997
49,Miguel Hernández Saffirio,Concertación de Partidos por la Democracia,DC,20208,"35,56%",1997
49,José Antonio Galilea Vidaurre,Unión por Chile,RN,13596,"23,93%",1997
50,Francisco Huenchumilla Jaramillo,Concertación de Partidos por la Democracia,DC,48028,"48,49%",1997
50,José García Ruminot,Unión por Chile,RN,35388,"35,73%",1997
51,Eduardo Díaz del Río,Unión por Chile,SUR,20813,"33,75%",1997
51,Eugenio Tuma Zedán,Concertación de Partidos por la Democracia,PPD,12840,"20,82%",1997
52,René Manuel García García,Unión por Chile,RN,24752,"45,57%",1997
52,Mario Acuña Cisternas,Concertación de Partidos por la Democracia,DC,18142,"33,4%",1997
53,Exequiel Silva Ortiz,Concertación de Partidos por la Democracia,DC,26100,"36,46%",1997
53,Roberto Delmastro Naso,Unión por Chile,Ind-RN,15332,"21,42%",1997
54,Carlos Caminondo Sáez,Unión por Chile,RN,21170,"29,27%",1997
54,Enrique Jaramillo Becker,Concertación de Partidos por la Democracia,PPD,18743,"25,91%",1997
55,Sergio Ojeda Uribe,Concertación de Partidos por la Democracia,DC,24332,"34,73%",1997
55,Marina Prochelle Aguilar,Unión por Chile,RN,13911,"19,85%",1997
56,Víctor Reyes Alvarado,Concertación de Partidos por la Democracia,DC,18274,"28,9%",1997
56,Carlos Recondo Lavanderos,Unión por Chile,UDI,16241,"25,69%",1997
57,Carlos Ignacio Kuschel Silva,Unión por Chile,RN,22284,"31,54%",1997
57,Sergio Elgueta Barrientos,Concertación de Partidos por la Democracia,DC,19404,"27,46%",1997
58,Claudio Alvarado Andrade,Unión por Chile,Ind-UDI,23316,"36,35%",1997
58,Gabriel Ascencio Mansilla,Concertación de Partidos por la Democracia,DC,15359,"23,95%",1997
59,Pablo Galilea Carrillo,Unión por Chile,RN,11163,"32,4%",1997
59,Leopoldo Sánchez Grunert,Concertación de Partidos por la Democracia,PPD,9055,"26,28%",1997
60,Pedro Muñoz Aburto,Concertación de Partidos por la Democracia,PS,19948,"34,15%",1997
60,Rodrigo Álvarez Zenteno,Unión por Chile,Ind-UDI,13570,"23,23%",1997
1,Iván Paredes Fierro[nota 1],Concertación de Partidos por la Democracia,Ind-PS,26886,"37,68%",2001
1,Rosa González Román,Alianza por Chile,UDI,10835,"15,18%",2001
2,Fulvio Rossi Coicca[nota 1],Concertación de Partidos por la Democracia,Ind-PS,24480,"29,18%",2001
2,Ramón Pérez Opazo[nota 2],Alianza por Chile,Ind-UDI,17454,"20,8%",2001
3,Waldo Mora Longa,Concertación de Partidos por la Democracia,DC,14433,"22,08%",2001
3,Mario Escobar Urbina,Alianza por Chile,UDI,13745,"21,03%",2001
4,Manuel Rojas Molina,Alianza por Chile,UDI,37033,"35,75%",2001
4,Pedro Araya Guerrero,Concertación de Partidos por la Democracia,DC,32338,"31,22%",2001
5,Antonio Leal Labrín,Concertación de Partidos por la Democracia,PPD,29382,"51,05%",2001
5,Carlos Vilches Guzmán,Alianza por Chile,RN,10960,"19,04%",2001
6,Jaime Mulet Martínez,Concertación de Partidos por la Democracia,DC,17378,"42,38%",2001
6,Alberto Robles Pantoja,Concertación de Partidos por la Democracia,PRSD,8947,"21,82%",2001
7,Víctor Manuel Rebolledo,Concertación de Partidos por la Democracia,PPD,22178,"27,57%",2001
7,Mario Bertolino Rendic,Alianza por Chile,RN,17884,"22,23%",2001
8,Patricio Walker Prieto,Concertación de Partidos por la Democracia,DC,43516,"45,35%",2001
8,Francisco Encina Moriamez,Concertación de Partidos por la Democracia,PS,19544,"20,37%",2001
9,Adriana Muñoz D'Albora,Concertación de Partidos por la Democracia,PPD,23380,"39,44%",2001
9,Darío Molina Sanhueza,Alianza por Chile,UDI,13673,"23,06%",2001
10,Alfonso Vargas Lyng,Alianza por Chile,RN,38631,"31,42%",2001
10,María Eugenia Mella Gajardo,Concertación de Partidos por la Democracia,DC,28800,"23,42%",2001
11,Patricio Cornejo Vidaurrazaga,Concertación de Partidos por la Democracia,DC,26798,"27,84%",2001
11,Marcelo Forni Lobos,Alianza por Chile,UDI,22395,"23,27%",2001
12,Arturo Longton Guerrero,Alianza por Chile,RN,29874,"29,2%",2001
12,Juan Bustos Ramírez,Concertación de Partidos por la Democracia,PS,27217,"26,6%",2001
13,Laura Soto González,Concertación de Partidos por la Democracia,PPD,34527,"26,53%",2001
13,Carmen Ibáñez Soto,Alianza por Chile,RN,32113,"24,68%",2001
14,Gonzalo Ibáñez Santa María,Alianza por Chile,UDI,59822,"41,34%",2001
14,Rodrigo González Torres,Concertación de Partidos por la Democracia,PPD,47593,"32,89%",2001
15,Samuel Venegas Rubio,Concertación de Partidos por la Democracia,PRSD,20353,"26,49%",2001
15,Carlos Hidalgo González,Alianza por Chile,Ind-RN,18741,"24,39%",2001
16,Patricio Melero Abaroa,Alianza por Chile,UDI,52806,"41,86%",2001
16,Zarko Luksic Sandoval,Concertación de Partidos por la Democracia,DC,38762,"30,73%",2001
17,Pablo Longueira Montes,Alianza por Chile,UDI,61319,"40,63%",2001
17,María Antonieta Saa Díaz,Concertación de Partidos por la Democracia,PPD,49986,"33,12%",2001
18,Guido Girardi Lavín,Concertación de Partidos por la Democracia,PPD,98491,"58,39%",2001
18,Carlos Olivares Zepeda,Concertación de Partidos por la Democracia,DC,10930,"6,48%",2001
19,Patricio Hales Dib,Concertación de Partidos por la Democracia,PPD,44193,"41,15%",2001
19,Cristián Leay Morán,Alianza por Chile,UDI,36994,"34,44%",2001
20,Cristián Pareto Vergara,Concertación de Partidos por la Democracia,DC,53474,"26,47%",2001
20,Mario Varela Herrera,Alianza por Chile,UDI,49844,"24,68%",2001
21,Marcela Cubillos Sigall,Alianza por Chile,UDI,61584,"37,01%",2001
21,Jorge Burgos Varela,Concertación de Partidos por la Democracia,DC,37787,"22,71%",2001
22,Alberto Cardemil Herrera,Alianza por Chile,RN,42772,"39,4%",2001
22,Carolina Tohá Morales,Concertación de Partidos por la Democracia,Ind-PPD,32965,"30,36%",2001
23,Julio Dittborn Cordua,Alianza por Chile,UDI,80016,"44,67%",2001
23,Pía Guzmán Mena,Alianza por Chile,RN,46675,"26,06%",2001
24,María Angélica Cristi Marfil,Alianza por Chile,RN,47346,"38,52%",2001
24,Enrique Accorsi Opazo,Concertación de Partidos por la Democracia,PPD,41239,"33,55%",2001
25,Ximena Vidal Lázaro,Concertación de Partidos por la Democracia,PPD,42072,"28,28%",2001
25,Felipe Salaberry Soto,Alianza por Chile,UDI,41504,"27,89%",2001
26,Carlos Montes Cisternas,Concertación de Partidos por la Democracia,PS,69183,"50,99%",2001
26,Lily Pérez San Martín,Alianza por Chile,RN,49810,"36,71%",2001
27,Iván Moreira Barros,Alianza por Chile,UDI,65777,"42,45%",2001
27,Eliana Caraball Martínez,Concertación de Partidos por la Democracia,DC,36832,"23,77%",2001
28,Darío Paya Mira,Alianza por Chile,UDI,47756,"32,23%",2001
28,Rodolfo Seguel Molina,Concertación de Partidos por la Democracia,DC,40010,"27,01%",2001
29,Maximiano Errázuriz Eguiguren,Alianza por Chile,RN,69786,"42,83%",2001
29,Isabel Allende Bussi,Concertación de Partidos por la Democracia,PS,57164,"35,09%",2001
30,José Antonio Kast Rist,Alianza por Chile,UDI,48025,"35,45%",2001
30,Edgardo Riveros Marín,Concertación de Partidos por la Democracia,DC,30056,"22,18%",2001
31,Gonzalo Uriarte Herrera,Alianza por Chile,UDI,60495,42%,2001
31,Jaime Jiménez Villavicencio,Concertación de Partidos por la Democracia,DC,39036,"27,1%",2001
32,Alejandro García-Huidobro,Alianza por Chile,UDI,35695,"41,16%",2001
32,Esteban Valenzuela Van Treek,Concertación de Partidos por la Democracia,PPD,28689,"33,08%",2001
33,Juan Pablo Letelier Morel,Concertación de Partidos por la Democracia,PS,58666,"53,41%",2001
33,Eugenio Bauer Jouanne,Alianza por Chile,UDI,29594,"26,94%",2001
34,Alejandra Sepúlveda Orbenes,Concertación de Partidos por la Democracia,Ind-DC,29123,"34,16%",2001
34,Juan Masferrer Pellizari,Alianza por Chile,UDI,28154,"33,03%",2001
35,Aníbal Pérez Lobos,Concertación de Partidos por la Democracia,PPD,23923,"33,67%",2001
35,Ramón Barros Montero,Alianza por Chile,UDI,20665,"29,08%",2001
36,Sergio Correa de La Cerda,Alianza por Chile,UDI,41777,"38,83%",2001
36,Boris Tapia Martínez,Concertación de Partidos por la Democracia,DC,26676,"24,8%",2001
37,Sergio Aguiló Melo,Concertación de Partidos por la Democracia,PS,34195,"42,81%",2001
37,Pablo Prieto Lorca,Alianza por Chile,Ind-UDI,21446,"26,85%",2001
38,Pedro Álvarez-Salamanca Büchi,Alianza por Chile,RN,23035,"34,27%",2001
38,Pablo Lorenzini Basso,Concertación de Partidos por la Democracia,DC,21771,"32,39%",2001
39,Jorge Tarud Daccarett,Concertación de Partidos por la Democracia,PPD,33067,"41,75%",2001
39,Osvaldo Palma Flores,Alianza por Chile,RN,23363,"29,5%",2001
40,Ignacio Urrutia Bonilla,Alianza por Chile,Ind-UDI,25907,"36,67%",2001
40,Guillermo Ceroni Fuentes,Concertación de Partidos por la Democracia,PPD,20460,"28,96%",2001
41,Rosauro Martínez Labbé,Alianza por Chile,Ind-RN,44476,"38,5%",2001
41,Carlos Abel Jarpa Wevar,Concertación de Partidos por la Democracia,PRSD,23150,"20,04%",2001
42,Nicolás Monckeberg Díaz,Alianza por Chile,RN,47839,"43,6%",2001
42,Felipe Letelier Norambuena,Concertación de Partidos por la Democracia,PPD,33436,"30,47%",2001
43,Víctor Jeame Barrueto,Concertación de Partidos por la Democracia,PPD,35877,"35,14%",2001
43,Jorge Ulloa Aguillón,Alianza por Chile,UDI,38326,"37,53%",2001
44,Andrés Egaña Respaldiza,Alianza por Chile,UDI,48403,"32,78%",2001
44,José Miguel Ortiz Novoa,Concertación de Partidos por la Democracia,DC,52037,"35,25%",2001
45,Alejandro Navarro Brain,Concertación de Partidos por la Democracia,PS,48990,"45,46%",2001
45,Edmundo Salas de la Fuente,Concertación de Partidos por la Democracia,DC,22125,"20,53%",2001
46,Camilo Escalona Medina,Concertación de Partidos por la Democracia,PS,33291,"37,22%",2001
46,Iván Norambuena Farías,Alianza por Chile,UDI,28902,"32,32%",2001
47,Víctor Pérez Varela,Alianza por Chile,UDI,45328,"34,7%",2001
47,José Pérez Arriagada,Concertación de Partidos por la Democracia,PRSD,40201,"30,77%",2001
48,Francisco Bayo Veloso,Alianza por Chile,RN,18130,"28,02%",2001
48,Edmundo Villouta Concha,Concertación de Partidos por la Democracia,DC,14996,"23,17%",2001
49,José Antonio Galilea Vidaurre,Alianza por Chile,RN,16764,"26,41%",2001
49,Jaime Quintana Leal,Concertación de Partidos por la Democracia,PPD,15865,25%,2001
50,Germán Becker Alvear,Alianza por Chile,RN,39801,"37,68%",2001
50,Eduardo Saffirio Suárez,Concertación de Partidos por la Democracia,DC,35487,"33,59%",2001
51,Eugenio Tuma Zedán,Concertación de Partidos por la Democracia,PPD,25082,"40,32%",2001
51,Eduardo Díaz del Río,Alianza por Chile,UDI,20156,"32,4%",2001
52,René Manuel García García,Alianza por Chile,RN,23370,"38,43%",2001
52,Fernando Meza Moncada,Concertación de Partidos por la Democracia,PRSD,16781,"27,59%",2001
53,Roberto Delmastro Naso,Alianza por Chile,Ind-RN,25866,"34,85%",2001
53,Exequiel Silva Ortiz,Concertación de Partidos por la Democracia,DC,22445,"30,24%",2001
54,Enrique Jaramillo Becker,Concertación de Partidos por la Democracia,PPD,27706,"36,16%",2001
54,Gastón von Mühlenbrock,Alianza por Chile,Ind-UDI,23902,"31,2%",2001
55,Sergio Ojeda Uribe,Concertación de Partidos por la Democracia,DC,24752,"33,26%",2001
55,Javier Hernández Hernández,Alianza por Chile,UDI,23479,"31,55%",2001
56,Carlos Recondo Lavanderos,Alianza por Chile,UDI,19992,"29,17%",2001
56,Fidel Espinoza Sandoval,Concertación de Partidos por la Democracia,PS,18436,"26,9%",2001
57,Eduardo Lagos Herrera,Concertación de Partidos por la Democracia,PRSD,20565,"27,37%",2001
57,Carlos Kuschel Silva,Alianza por Chile,RN,19004,"25,29%",2001
58,Claudio Alvarado Andrade,Alianza por Chile,UDI,26203,"40,48%",2001
58,Gabriel Ascencio Mansilla,Concertación de Partidos por la Democracia,DC,23206,"35,85%",2001
59,Pablo Galilea Carrillo,Alianza por Chile,RN,14918,"40,29%",2001
59,Leopoldo Sánchez Grunert,Concertación de Partidos por la Democracia,PPD,7812,"21,1%",2001
60,Rodrigo Álvarez Zenteno,Alianza por Chile,UDI,26081,"41,76%",2001
60,Pedro Muñoz Aburto,Concertación de Partidos por la Democracia,PS,17302,"27,7%",2001
1,Iván Paredes Fierro,Concertación Democrática,PS,18958,"25,52%",2005
1,Ximena Valcarce Becerra,Alianza,RN,16692,"22,47%",2005
2,Fulvio Rossi Ciocca,Concertación Democrática,PS,36823,"40,32%",2005
2,Marta Isasi Barbieri,Fuerza Regional Independiente,PAR,24350,"26,66%",2005
3,Marcos Espinosa Monardes,Concertación Democrática,PRSD,21629,"31,44%",2005
3,Felipe Ward Edwards,Alianza,UDI,14469,"21,03%",2005
4,Pedro Araya Guerrero,Concertación Democrática,DC,40131,"34,51%",2005
4,Manuel Rojas Molina,Alianza,UDI,38254,"32,9%",2005
5,Antonio Leal Labrín,Concertación Democrática,PPD,30032,"49,25%",2005
5,René Aedo Ormeño,Alianza,RN,12432,"20,39%",2005
6,Jaime Mulet Martínez,Concertación Democrática,DC,16124,"36,82%",2005
6,Alberto Robles Pantoja,Concertación Democrática,PRSD,9199,"21,01%",2005
7,Marcelo Díaz Díaz,Concertación Democrática,PS,22861,"26,03%",2005
7,Mario Bertolino Rendic,Alianza,RN,21636,"24,64%",2005
8,Patricio Walker Prieto,Concertación Democrática,DC,56208,"54,3%",2005
8,Francisco Encina Moriamez,Concertación Democrática,PS,15511,"14,99%",2005
9,Adriana Muñoz D'Albora,Concertación Democrática,PPD,27269,"44,37%",2005
9,Renán Fuentealba Vildósola,Concertación Democrática,DC,10727,"17,46%",2005
10,Marco Enríquez-Ominami Gumucio,Concertación Democrática,PS,46590,"34,34%",2005
10,Alfonso Vargas Lyng,Alianza,RN,34209,"25,22%",2005
11,Marco Antonio Núñez Lozano,Concertación Democrática,PPD,37662,"35,86%",2005
11,Marcelo Forni Lobos,Alianza,UDI,30980,"29,5%",2005
12,Juan Bustos Ramírez,Concertación Democrática,PS,35680,"30,84%",2005
12,Amelia Herrera Silva,Alianza,RN,33184,"28,69%",2005
13,Laura Soto González,Concertación Democrática,PPD,36764,"27,55%",2005
13,Joaquín Godoy Ibáñez,Alianza,RN,33315,"24,96%",2005
14,Rodrigo González Torres,Concertación Democrática,PPD,42309,"27,27%",2005
14,Francisco Chahuán Chahuán,Alianza,RN,40006,"25,78%",2005
15,Edmundo Eluchans Urenda,Alianza,UDI,20125,"24,8%",2005
15,Samuel Venegas Rubio,Concertación Democrática,PRSD,17798,"21,93%",2005
16,Patricio Melero Abaroa,Alianza,UDI,49412,"32,8%",2005
16,Gabriel Silber Romo,Concertación Democrática,DC,38373,"25,47%",2005
17,María Antonieta Saa Díaz,Concertación Democrática,PPD,57708,"37,98%",2005
17,Karla Rubilar Barahona,Alianza,RN,29431,"19,37%",2005
18,Guido Girardi Briere,Concertación Democrática,PPD,71456,"43,75%",2005
18,Carlos Olivares Zepeda,Concertación Democrática,DC,32464,"19,87%",2005
19,Patricio Hales Dib,Concertación Democrática,PPD,53773,"48,72%",2005
19,Claudia Nogueira Fernández,Alianza,UDI,33231,"30,11%",2005
20,Álvaro Escobar Rufatt,Concertación Democrática,PPD,100840,"42,18%",2005
20,Roberto Sepúlveda Hermosilla,Alianza,RN,45992,"19,24%",2005
21,Marcela Cubillos Sigall,Alianza,UDI,51749,"29,02%",2005
21,Jorge Burgos Varela,Concertación Democrática,DC,48683,"27,3%",2005
22,Carolina Tohá Morales,Concertación Democrática,PPD,45769,"39,79%",2005
22,Alberto Cardemil Herrera,Alianza,ILD,32827,"28,54%",2005
23,Julio Dittborn Cordua,Alianza,UDI,79167,"39,31%",2005
23,Cristián Monckeberg Bruner,Alianza,RN,50923,"25,22%",2005
24,María Angélica Cristi Marfil,Alianza,UDI,49918,"36,95%",2005
24,Enrique Accorsi Opazo,Concertación Democrática,PPD,38708,"28,65%",2005
25,Ximena Vidal Lázaro,Concertación Democrática,PPD,52745,"33,81%",2005
25,Felipe Salaberry Soto,Alianza,UDI,30109,"19,3%",2005
26,Carlos Montes Cisternas,Concertación Democrática,PS,69997,"48,08%",2005
26,Gonzalo Duarte Leiva,Concertación Democrática,DC,20448,"14,05%",2005
27,Iván Moreira Barros,Alianza,UDI,49213,"30,4%",2005
27,Tucapel Jiménez Fuentes,Concertación Democrática,ILB,46710,"28,85%",2005
28,Jorge Insunza Gregorio De Las Heras,Concertación Democrática,PPD,37292,"24,53%",2005
28,Darío Paya Mira,Alianza,UDI,31691,"20,85%",2005
29,Isabel Allende Bussi,Concertación Democrática,PS,81493,"43,49%",2005
29,Maximiano Errázuriz Eguiguren,Alianza,RN,59054,"31,51%",2005
30,Ramón Farías Ponce,Concertación Democrática,PPD,54050,"35,7%",2005
30,José Antonio Kast Rist,Alianza,UDI,47950,"31,67%",2005
31,Denise Pascal Allende,Concertación Democrática,PS,43138,"27,14%",2005
31,Gonzalo Uriarte Herrera,Alianza,UDI,54869,"34,53%",2005
32,Esteban Valenzuela Van-Treek,Concertación Democrática,PPD,33579,"36,91%",2005
32,Alejandro García-Huidobro,Alianza,UDI,33534,"36,86%",2005
33,Alejandro Sule Fernández,Concertación Democrática,PRSD,42248,"37,24%",2005
33,Eugenio Bauer Jouanne,Alianza,UDI,26509,"23,37%",2005
34,Alejandra Sepúlveda Orbenes,Concertación Democrática,DC,50045,"54,42%",2005
34,Juan Masferrer Pellizari,Alianza,UDI,17860,"19,42%",2005
35,Juan Carlos Latorre Carmona,Concertación Democrática,DC,34268,"45,86%",2005
35,Ramón Barros Montero,Alianza,UDI,25349,"33,93%",2005
36,Roberto León Ramírez,Concertación Democrática,DC,48009,"41,75%",2005
36,Sergio Correa de la Cerda,Alianza,UDI,32435,"28,2%",2005
37,Sergio Aguiló Melo,Concertación Democrática,PS,29366,"35,04%",2005
37,Germán Verdugo Soto,Alianza,RN,22336,"26,65%",2005
38,Pablo Lorenzini Basso,Concertación Democrática,DC,27268,"36,88%",2005
38,Pedro Álvarez-Salamanca Buchi,Alianza,RN,14288,"19,32%",2005
39,Jorge Tarud Daccarett,Concertación Democrática,PPD,30926,"37,86%",2005
39,Osvaldo Palma Flores,Alianza,RN,18094,"22,15%",2005
40,Guillermo Ceroni Fuentes,Concertación Democrática,PPD,30380,"42,16%",2005
40,Ignacio Urrutia Bonilla,Alianza,UDI,19777,"27,45%",2005
41,Carlos Abel Jarpa Wevar,Concertación Democrática,PRSD,31370,"25,4%",2005
41,Rosauro Martínez Labbé,Alianza,RN,34643,"28,05%",2005
42,Nicolás Monckeberg Díaz,Alianza,RN,36609,"32,67%",2005
42,Jorge Sabag Villalobos,Concertación Democrática,DC,33452,"29,85%",2005
43,Raúl Súnico Galdames,Concertación Democrática,PS,29833,"27,25%",2005
43,Jorge Ulloa Aguillón,Alianza,UDI,31265,"28,55%",2005
44,José Miguel Ortiz Novoa,Concertación Democrática,DC,53270,"32,26%",2005
44,Andrés Egaña Respaldiza,Alianza,UDI,32220,"19,57%",2005
45,Clemira Pacheco Rivas,Concertación Democrática,PS,37448,"33,52%",2005
45,Sergio Bobadilla Muñoz,Alianza,UDI,26460,"23,68%",2005
46,Manuel Monsalve Benavides,Concertación Democrática,PS,28888,"29,58%",2005
46,Iván Norambuena Farías,Alianza,UDI,23847,"24,42%",2005
47,José Pérez Arriagada,Concertación Democrática,PRSD,67053,"48,59%",2005
47,Juan Lobos Krause,Alianza,UDI,33274,"24,11%",2005
48,Mario Venegas Cárdenas,Concertación Democrática,DC,23775,"35,75%",2005
48,Gonzalo Arenas Hodar,Alianza,UDI,16751,"25,19%",2005
49,Jaime Quintana Leal,Concertación Democrática,PPD,26953,"40,68%",2005
49,Enrique Estay Peñaloza,Alianza,UDI,10953,"16,53%",2005
50,Eduardo Saffirio Suárez,Concertación Democrática,DC,35501,"30,81%",2005
50,Germán Becker Alvear,Alianza,RN,37036,"32,14%",2005
51,Eugenio Tuma Zedan,Concertación Democrática,PPD,32590,"49,28%",2005
51,Eduardo Díaz del Río,Concertación Democrática,ILB,10511,"15,89%",2005
52,Fernando Meza Moncada,Concertación Democrática,PRSD,25000,"38,15%",2005
52,René Manuel García García,Alianza,RN,24453,"37,32%",2005
53,Alfonso de Urresti Longton,Concertación Democrática,PS,23506,"28,29%",2005
53,Roberto Delmastro Naso,Alianza,ILD,22046,"26,53%",2005
54,Enrique Jaramillo Becker,Concertación Democrática,PPD,31815,"41,11%",2005
54,Gastón von Mühlenbrock Zamora,Alianza,UDI,21751,"28,1%",2005
55,Sergio Ojeda Uribe,Concertación Democrática,DC,29199,"37,43%",2005
55,Javier Hernández Hernández,Alianza,UDI,21454,"27,5%",2005
56,Fidel Espinoza Sandoval,Concertación Democrática,PS,30452,"41,59%",2005
56,Carlos Recondo Lavanderos,Alianza,UDI,19068,"26,04%",2005
57,Marisol Turres Figueroa,Alianza,UDI,22614,"26,66%",2005
57,Patricio Vallespin López,Concertación Democrática,DC,22322,"26,31%",2005
58,Gabriel Ascencio Mansilla,Concertación Democrática,DC,26088,"35,94%",2005
58,Claudio Alvarado Andrade,Alianza,UDI,18043,"24,85%",2005
59,René Alinco Bustos,Concertación Democrática,PPD,13307,"33,7%",2005
59,Pablo Galilea Carrillo,Alianza,RN,12750,"32,29%",2005
60,Carolina Goic Boroevic,Concertación Democrática,DC,17766,"27,1%",2005
60,Rodrigo Álvarez Zenteno,Alianza,UDI,15876,"24,22%",2005
1,Orlando Vargas Pizarro,Concertación y Juntos Podemos,Ind-PPD,22425,"30,01%",2009
1,Nino Baltolú Rasera,Coalición por el Cambio,UDI,17644,"23,61%",2009
2,Hugo Gutiérrez Gálvez,Concertación y Juntos Podemos,PCCh,28217,"30,31%",2009
2,Marta Isasi Barbieri,Coalición por el Cambio,Ind-UDI,28884,"31,02%",2009
3,Felipe Ward Edwards,Coalición por el Cambio,UDI,24618,"37,36%",2009
3,Marcos Espinosa Monardes,Concertación y Juntos Podemos,PRSD,16223,"24,62%",2009
4,Pedro Araya Guerrero,Chile Limpio. Vote Feliz,PRI,27268,"24,6%",2009
4,Manuel Rojas Molina,Coalición por el Cambio,UDI,37241,"33,59%",2009
5,Lautaro Carmona Soto,Concertación de Partidos por la Democracia,PCCh,17022,"27,87%",2009
5,Carlos Vilches Guzmán,Coalición por el Cambio,UDI,13159,"21,55%",2009
6,Giovanni Calderón Bassi,Coalición por el Cambio,UDI,8330,"19,26%",2009
6,Alberto Robles Pantoja,Concertación y Juntos Podemos,PRSD,11582,"26,77%",2009
7,Marcelo Díaz Díaz,Concertación y Juntos Podemos,PS,32673,"36,74%",2009
7,Mario Bertolino Rendic,Coalición por el Cambio,RN,18037,"20,28%",2009
8,Matías Walker Prieto,Concertación y Juntos Podemos,DC,28948,"27,21%",2009
8,Pedro Velásquez Seguel,IND,Ind.,25919,"24,37%",2009
9,Adriana Muñoz D'Albora,Concertación y Juntos Podemos,PPD,15332,"25,29%",2009
9,Luis Lemus Aracena,Chile Limpio. Vote Feliz,PRI,15735,"25,95%",2009
10,Eduardo Cerda García,Concertación y Juntos Podemos,DC,30017,"21,94%",2009
10,Andrea Molina Oliva,Coalición por el Cambio,Ind-UDI,36000,"26,31%",2009
11,Gaspar Rivas Sánchez,Coalición por el Cambio,RN,21634,"20,22%",2009
11,Marco Antonio Núñez Lozano,Concertación y Juntos Podemos,PPD,49801,"46,55%",2009
12,Arturo Squella Ovalle,Coalición por el Cambio,UDI,30108,"24,75%",2009
12,Marcelo Schilling Rodríguez,Concertación y Juntos Podemos,PS,24124,"19,83%",2009
13,Aldo Cornejo Gonález,Concertación y Juntos Podemos,DC,40582,"31,04%",2009
13,Joaquín Godoy Ibáñez,Coalición por el Cambio,RN,38183,"29,2%",2009
14,Rodrigo González Torres,Concertación y Juntos Podemos,PPD,41168,"25,89%",2009
14,Edmundo Eluchans Urenda,Coalición por el Cambio,UDI,45829,"28,82%",2009
15,Víctor Torres Jeldes,Concertación y Juntos Podemos,DC,18102,"21,11%",2009
15,María José Hoffmann Opazo,Coalición por el Cambio,UDI,20585,24%,2009
16,Gabriel Silber Romo,Concertación y Juntos Podemos,DC,48333,"29,39%",2009
16,Patricio Melero Abaroa,Coalición por el Cambio,UDI,58306,"35,45%",2009
17,Karla Rubilar Barahona,Coalición por el Cambio,RN,46572,"33,15%",2009
17,María Antonieta Saa Díaz,Concertación y Juntos Podemos,PPD,45798,"32,6%",2009
18,Cristina Girardi Lavín,Concertación y Juntos Podemos,PPD,51669,"34,35%",2009
18,Nicolás Monckeberg Díaz,Coalición por el Cambio,RN,40782,"27,11%",2009
19,Patricio Hales Dib,Concertación y Juntos Podemos,PPD,39126,"38,12%",2009
19,Claudia Nogueira Fernández,Coalición por el Cambio,UDI,38297,"37,31%",2009
20,Pepe Auth Stewart,Concertación y Juntos Podemos,PPD,49981,"20,7%",2009
20,Mónica Zalaquett Said,Coalición por el Cambio,UDI,56168,"23,26%",2009
21,Jorge Burgos Varela,Concertación y Juntos Podemos,DC,52982,"29,79%",2009
21,Marcela Sabat Fernández,Coalición por el Cambio,RN,48732,"27,4%",2009
22,Felipe Harboe Bascuñán,Concertación y Juntos Podemos,PPD,42060,"38,66%",2009
22,Alberto Cardemil Herrera,Coalición por el Cambio,RN,38949,"35,8%",2009
23,Ernesto Silva Méndez,Coalición por el Cambio,UDI,60272,"27,95%",2009
23,Cristián Monckeberg Bruner,Coalición por el Cambio,RN,77484,"35,93%",2009
24,Enrique Accorsi Opazo,Concertación y Juntos Podemos,PPD,31383,"23,19%",2009
24,María Angélica Cristi Marfil,Coalición por el Cambio,UDI,44969,"33,24%",2009
25,Ximena Vidal Lázaro,Concertación y Juntos Podemos,PPD,43794,"30,81%",2009
25,Felipe Salaberry Soto,Coalición por el Cambio,UDI,28444,"20,01%",2009
26,Carlos Montes Cisternas,Concertación y Juntos Podemos,PS,71173,"50,44%",2009
26,Gustavo Hasbún Selume,Coalición por el Cambio,UDI,36438,"25,82%",2009
27,Tucapel Jiménez Fuentes,Concertación y Juntos Podemos,PPD,47765,"31,89%",2009
27,Iván Moreira Barros,Coalición por el Cambio,UDI,53683,"35,84%",2009
28,Guillermo Teillier del Valle,Concertación y Juntos Podemos,PCCh,49040,"33,52%",2009
28,Pedro Browne Urrejola,Coalición por el Cambio,RN,31882,"21,79%",2009
29,Osvaldo Andrade Lara,Concertación y Juntos Podemos,PS,55152,"29,88%",2009
29,Leopoldo Pérez Lahsen,Coalición por el Cambio,RN,45464,"24,63%",2009
30,Ramón Farías Ponce,Concertación y Juntos Podemos,PPD,29335,"19,27%",2009
30,José Antonio Kast Rist,Coalición por el Cambio,UDI,53423,"35,1%",2009
31,Denise Pascal Allende,Concertación y Juntos Podemos,PS,52763,"32,23%",2009
31,Gonzalo Uriarte Herrera,Coalición por el Cambio,UDI,60833,"37,16%",2009
32,Juan Luis Castro González,Concertación y Juntos Podemos,PS,27772,"30,76%",2009
32,Alejandro García-Huidobro,Coalición por el Cambio,UDI,31346,"34,71%",2009
33,Ricardo Rincón González,Concertación y Juntos Podemos,DC,38057,"32,45%",2009
33,Eugenio Bauer Jouanne,Coalición por el Cambio,UDI,26504,"22,6%",2009
34,Alejandra Sepúlveda Orbenes,Chile Limpio. Vote Feliz,PRI,42771,"45,55%",2009
34,Javier Macaya Danús,Coalición por el Cambio,UDI,17130,"18,24%",2009
35,Juan Carlos Latorre Carmona,Concertación y Juntos Podemos,DC,30300,"38,83%",2009
35,Ramón Barros Montero,Coalición por el Cambio,UDI,29622,"37,96%",2009
36,Roberto León Ramírez,Concertación y Juntos Podemos,DC,51476,"42,93%",2009
36,Celso Morales Muñoz,Coalición por el Cambio,UDI,35732,"29,8%",2009
37,Sergio Aguiló Melo,Concertación y Juntos Podemos,PS,31649,"37,69%",2009
37,Germán Verdugo Soto,Coalición por el Cambio,RN,32864,"39,14%",2009
38,Pablo Lorenzini Basso,Concertación y Juntos Podemos,DC,29320,"38,32%",2009
38,Pedro Pablo Álvarez-Salamanca Ramírez,Coalición por el Cambio,Ind-UDI,15844,"20,71%",2009
39,Jorge Tarud Daccarett,Concertación y Juntos Podemos,PPD,38626,"46,26%",2009
39,Romilio Gutiérrez Pino,Coalición por el Cambio,UDI,22487,"26,93%",2009
40,Guillermo Ceroni Fuentes,Concertación y Juntos Podemos,PPD,32643,"44,75%",2009
40,Ignacio Urrutia Bonilla,Coalición por el Cambio,UDI,19323,"26,49%",2009
41,Carlos Abel Jarpa Wevar,Concertación y Juntos Podemos,PRSD,24093,"19,12%",2009
41,Rosauro Martínez Labbé,Coalición por el Cambio,RN,42385,"33,64%",2009
42,Jorge Sabag Villalobos,Concertación y Juntos Podemos,DC,32174,"28,59%",2009
42,Frank Sauerbaum Muñoz,Coalición por el Cambio,RN,22861,"20,33%",2009
43,Cristián Campos Jara,Concertación y Juntos Podemos,PPD,33622,"31,35%",2009
43,Jorge Ulloa Aguillón,Coalición por el Cambio,UDI,30309,"28,26%",2009
44,José Miguel Ortiz Novoa,Concertación y Juntos Podemos,DC,45379,"27,04%",2009
44,Enrique van Rysselberghe Herrera,Coalición por el Cambio,UDI,44735,"26,65%",2009
45,Clemira Pacheco Rivas,Concertación y Juntos Podemos,PS,38379,"33,8%",2009
45,Sergio Bobadilla Muñoz,Coalición por el Cambio,UDI,29272,"25,78%",2009
46,Iván Norambuena Farías,Coalición por el Cambio,UDI,34852,"35,77%",2009
46,Manuel Monsalve Benavides,Concertación y Juntos Podemos,PS,30360,"31,16%",2009
47,José Pérez Arriagada,Concertación y Juntos Podemos,PRSD,46606,"33,8%",2009
47,Juan Lobos Krause,Coalición por el Cambio,UDI,51937,"37,67%",2009
48,Mario Venegas Cárdenas,Concertación y Juntos Podemos,DC,20102,"29,8%",2009
48,Gonzalo Arenas Hodar,Coalición por el Cambio,UDI,17223,"25,54%",2009
49,Fuad Chahín Valenzuela,Concertación y Juntos Podemos,DC,20212,"30,26%",2009
49,Enrique Estay Peñaloza,Coalición por el Cambio,UDI,16009,"23,97%",2009
50,René Saffirio Espinoza,Concertación y Juntos Podemos,DC,37017,"30,83%",2009
50,Germán Becker Alvear,Coalición por el Cambio,RN,33785,"28,14%",2009
51,Joaquín Tuma Zedán,Concertación y Juntos Podemos,PPD,16327,"24,36%",2009
51,José Manuel Edwards Silva,Coalición por el Cambio,RN,11275,"16,82%",2009
52,Fernando Meza Moncada,Concertación y Juntos Podemos,PRSD,22116,"32,72%",2009
52,René Manuel García García,Coalición por el Cambio,RN,20726,"30,66%",2009
53,Alfonso de Urresti Longton,Concertación y Juntos Podemos,PS,32433,"38,71%",2009
53,Roberto Delmastro Naso,Coalición por el Cambio,RN,25360,"30,27%",2009
54,Enrique Jaramillo Becker,Concertación y Juntos Podemos,PPD,29004,"37,43%",2009
54,Gastón von Mühlenbrock Zamora,Coalición por el Cambio,UDI,19978,"25,78%",2009
55,Sergio Ojeda Uribe,Concertación y Juntos Podemos,DC,23623,"30,44%",2009
55,Javier Hernández Hernández,Coalición por el Cambio,UDI,22108,"28,49%",2009
56,Fidel Espinoza Sandoval,Concertación y Juntos Podemos,PS,39245,"51,3%",2009
56,Carlos Rencodo Lavanderos,Coalición por el Cambio,UDI,18792,"24,57%",2009
57,Patricio Vallespin López,Concertación y Juntos Podemos,DC,33782,"38,6%",2009
57,Marisol Turres Figueroa,Coalición por el Cambio,UDI,28552,"32,62%",2009
58,Gabriel Ascencio Mansilla,Concertación y Juntos Podemos,DC,17457,"23,1%",2009
58,Alejandro Santana Tirachini,Coalición por el Cambio,RN,27098,"35,86%",2009
59,René Alinco Bustos,Concertación y Juntos Podemos,PPD,9381,"22,9%",2009
59,David Sandoval Plaza,Coalición por el Cambio,UDI,12902,"31,5%",2009
60,Carolina Goic Boroevic,Concertación y Juntos Podemos,DC,22498,34%,2009
60,Miodrag Marinovic Solo De Zaldívar,IND,Ind.,17512,"26,47%",2009
1,Luis Rocafull López,Nueva Mayoría,PS,15064,"22,42%",2013
1,Vlado Mirosevic Verdugo,"Si tú quieres, Chile cambia",PL,14301,"21,28%",2013
2,Hugo Gutiérrez Gálvez,Nueva Mayoría,PCCh,23238,"28,79%",2013
2,Renzo Trisotti Martínez,Alianza,UDI,20818,"25,8%",2013
3,Marcos Espinosa Monardes,Nueva Mayoría,PRSD,16877,"27,87%",2013
3,Felipe Ward Edwards,Alianza,UDI,14604,"24,12%",2013
4,Marcela Hernando Pérez,Nueva Mayoría,PRSD,27226,"25,98%",2013
4,Paulina Núñez Urrutia,Alianza,RN,20565,"19,63%",2013
5,Lautaro Carmona Soto,Nueva Mayoría,PCCh,23293,"41,9%",2013
5,Daniella Cicardini Milla,Nueva Mayoría,Ind-PS,13382,"24,07%",2013
6,Yasna Provoste Campillay,Nueva Mayoría,DC,16694,"43,91%",2013
6,Alberto Robles Pantoja,Nueva Mayoría,PRSD,5055,"13,3%",2013
7,Raúl Saldívar Auger,Nueva Mayoría,PS,25764,"29,91%",2013
7,Sergio Gahona Salazar,Alianza,UDI,20507,"23,8%",2013
8,Matías Walker Prieto,Alianza,DC,38573,"38,51%",2013
8,Daniel Núñez Arancibia,Nueva Mayoría,PCCh,13394,"13,37%",2013
9,Luis Lemus Aracena,Nueva Mayoría,PS,23802,"43,78%",2013
9,Jorge Insunza Gregorio de Las Heras[nota 2],Nueva Mayoría,PPD,15474,"28,46%",2013
10,Andrea Molina Oliva,Alianza,UDI,40790,"33,52%",2013
10,Christián Urízar Muñoz,Nueva Mayoría,PS,31353,"25,76%",2013
11,Marco Antonio Núñez Lozano,Nueva Mayoría,PPD,48097,"48,98%",2013
11,Gaspar Rivas Sánchez,Alianza,RN,23826,"24,26%",2013
12,Arturo Squella Ovalle,Nueva Mayoría,UDI,32570,"27,98%",2013
12,Marcelo Schilling Rodríguez,Alianza,PS,29198,"25,08%",2013
13,Aldo Cornejo González,Nueva Mayoría,DC,34406,"29,69%",2013
13,Joaquín Godoy Ibáñez,Alianza,RN,24987,"21,56%",2013
14,Rodrigo González Torres,Nueva Mayoría,PPD,40303,"28,04%",2013
14,Osvaldo Urrutia Soto,Alianza,UDI,38005,"26,44%",2013
15,Víctor Torres Jeldes,Nueva Mayoría,DC,27561,"35,89%",2013
15,María José Hoffmann Opazo,Alianza,UDI,21870,"28,48%",2013
16,Gabriel Silber Romo,Nueva Mayoría,DC,64696,"38,6%",2013
16,Patricio Melero Abaroa,Alianza,UDI,39449,"23,54%",2013
17,Karla Rubilar Barahona,Alianza,RN,35402,"27,33%",2013
17,Daniel Farcas Guendelman,Nueva Mayoría,PPD,32467,"25,06%",2013
18,Cristina Girardi Lavín,Nueva Mayoría,PPD,61874,"45,5%",2013
18,Nicolás Monckeberg Díaz,Alianza,RN,39100,"28,75%",2013
19,Karol Cariola Oliva,Nueva Mayoría,PCCh,35706,"38,4%",2013
19,Claudia Nogueira Fernández,Alianza,UDI,23391,"25,16%",2013
20,Pepe Auth Stewart,Nueva Mayoría,PPD,82856,"33,77%",2013
20,Joaquín Lavín León,Alianza,UDI,58180,"23,71%",2013
21,Maya Fernández Allende,Nueva Mayoría,PS,58186,"31,3%",2013
21,Marcela Sabat Fernández,Alianza,RN,53135,"28,58%",2013
22,Giorgio Jackson Drago,Fuera de Pacto,Ind,55259,"48,17%",2013
22,Felipe Kast Sommerhoff,Alianza,Ind-RN,22431,"19,55%",2013
23,Cristián Monckeberg Bruner,Alianza,RN,77952,"34,63%",2013
23,Ernesto Silva Méndez,Alianza,UDI,76522,34%,2013
24,Jaime Pilowsky Greene,Nueva Mayoría,DC,27072,"20,71%",2013
24,José Antonio Kast Rist,Alianza,UDI,24471,"18,72%",2013
25,Ramón Farías Ponce,Nueva Mayoría,PPD,40278,"30,61%",2013
25,Claudio Arriagada Macaya,Nueva Mayoría,DC,36410,"27,67%",2013
26,Camila Vallejo Dowling,Nueva Mayoría,PCCh,62751,"43,71%",2013
26,Gustavo Hasbún Selume,Alianza,UDI,34819,"24,26%",2013
27,Tucapel Jiménez Fuentes,Nueva Mayoría,PPD,45523,"33,51%",2013
27,Daniel Melo Contreras,Nueva Mayoría,PS,34201,"25,18%",2013
28,Guillermo Teillier del Valle,Nueva Mayoría,PCCh,53374,"41,03%",2013
28,Pedro Browne Urrejola,Alianza,RN,21978,"16,9%",2013
29,Osvaldo Andrade Lara,Nueva Mayoría,PS,61191,"31,01%",2013
29,Leopoldo Pérez Lahsen,Alianza,RN,46500,"23,57%",2013
30,Leonardo Soto Ferrada,Nueva Mayoría,PS,36618,"25,11%",2013
30,Jaime Bellolio Avaria,Alianza,UDI,32223,"22,1%",2013
31,Denise Pascal Allende,Nueva Mayoría,PS,66747,"42,97%",2013
31,Juan Antonio Coloma Álamos,Alianza,UDI,31393,"20,21%",2013
32,Juan Luis Castro González,Nueva Mayoría,PS,35158,"41,13%",2013
32,Issa Kort Garriga,Alianza,UDI,18812,"22,01%",2013
33,Ricardo Rincón González,Nueva Mayoría,DC,48114,"45,17%",2013
33,Felipe Letelier Norambuena,Nueva Mayoría,PPD,14809,"13,9%",2013
34,Alejandra Sepúlveda Orbenes,Fuera de Pacto,Ind,35012,"42,16%",2013
34,Javier Macaya Danús,Alianza,UDI,21979,"26,47%",2013
35,Ramón Barros Montero,Alianza,UDI,20723,"32,17%",2013
35,Sergio Espejo Yaksic,Nueva Mayoría,DC,16869,"26,19%",2013
36,Roberto León Ramírez,Nueva Mayoría,DC,48374,"42,9%",2013
36,Celso Morales Espinosa,Alianza,UDI,30117,"26,71%",2013
37,Sergio Aguiló Melo,Nueva Mayoría,IC,22611,"26,78%",2013
37,Germán Verdugo Soto,Alianza,RN,22037,"26,1%",2013
38,Pablo Lorenzini Basso,Nueva Mayoría,DC,28849,"40,57%",2013
38,Pedro Álvarez-Salamanca Ramírez,Alianza,UDI,17716,"24,91%",2013
39,Jorge Tarud Daccarett,Nueva Mayoría,PPD,29601,"38,53%",2013
39,Romilio Gutiérrez Pino,Alianza,UDI,23526,"30,62%",2013
40,Guillermo Ceroni Fuentes,Nueva Mayoría,PPD,19509,"29,44%",2013
40,Ignacio Urrutia Bonilla,Alianza,UDI,14773,"22,29%",2013
41,Carlos Abel Jarpa Wevar,Nueva Mayoría,PRSD,37882,"32,85%",2013
41,Rosauro Martínez Labbé,Alianza,RN,36014,"31,23%",2013
42,Jorge Sabag Villalobos,Nueva Mayoría,DC,45044,"45,87%",2013
42,Loreto Carvajal Ambiado,Nueva Mayoría,PPD,18744,"19,09%",2013
43,Cristián Campos Jara,Nueva Mayoría,PPD,29771,"30,92%",2013
43,Jorge Ulloa Aguillón,Alianza,UDI,25651,"26,64%",2013
44,José Miguel Ortiz Novoa,Nueva Mayoría,DC,59861,"36,98%",2013
44,Enrique van Rysselberghe Herrera,Alianza,UDI,40721,"25,16%",2013
45,Clemira Pacheco Rivas,Nueva Mayoría,PS,42711,"41,59%",2013
45,Marcelo Chávez Velásquez,Nueva Mayoría,DC,17131,"16,68%",2013
46,Manuel Monsalve Benavides,Alianza,PS,33688,"38,24%",2013
46,Iván Norambuena Farías,Alianza,UDI,30806,"34,97%",2013
47,José Pérez Arriagada,Nueva Mayoría,PRSD,53539,"43,41%",2013
47,Roberto Poblete Zapata,Nueva Mayoría,Ind-PS,15826,"12,83%",2013
48,Mario Venegas Cárdenas,Nueva Mayoría,DC,22641,"36,43%",2013
48,Jorge Rathgeb Schifferli,Alianza,RN,16449,"26,47%",2013
49,Fuad Chahín Valenzuela,Nueva Mayoría,DC,26584,"43,65%",2013
49,Diego Paulsen Kehr,Alianza,RN,16017,"26,3%",2013
50,René Saffirio Espinoza,Nueva Mayoría,DC,44111,"36,83%",2013
50,Germán Becker Alvear,Alianza,RN,40011,"33,41%",2013
51,Joaquín Tuma Zedan,Nueva Mayoría,PPD,22191,"36,61%",2013
51,José Manuel Edwards Silva,Alianza,RN,19445,"32,08%",2013
52,Fernando Meza Moncada,Nueva Mayoría,PRSD,19375,"31,98%",2013
52,René Manuel García García,Alianza,RN,14372,"23,73%",2013
53,Iván Flores García,Nueva Mayoría,DC,29366,"36,24%",2013
53,Bernardo Berger Fett,Alianza,RN,20836,"25,71%",2013
54,Enrique Jaramillo Becker,Nueva Mayoría,PPD,34438,"49,88%",2013
54,Gonzalo Fuenzalida Figueroa,Alianza,RN,13650,"19,71%",2013
55,Sergio Ojeda Uribe,Nueva Mayoría,DC,24071,"34,2%",2013
55,Javier Hernández Hernández,Alianza,UDI,19280,"27,4%",2013
56,Fidel Espinoza Sandoval,Nueva Mayoría,PS,38554,"55,16%",2013
56,Felipe de Mussy Hiriart,Alianza,UDI,15961,"22,84%",2013
57,Patricio Vallespin López,Nueva Mayoría,DC,37964,"45,32%",2013
57,Marisol Turres Figueroa,Alianza,UDI,19292,"23,03%",2013
58,Jenny Álvarez Vera,Nueva Mayoría,PS,23895,"38,09%",2013
58,Alejandro Santana Tirachini,Alianza,RN,20526,"32,72%",2013
59,Iván Fuentes Castillo,Nueva Mayoría,Ind-DC,9128,"25,36%",2013
59,David Sandoval Plaza,Alianza,UDI,8595,"23,88%",2013
60,Gabriel Boric Font,Fuera de Pacto,Ind,15417,"26,18%",2013
60,Juan Morano Cornejo,Nueva Mayoría,DC,10760,"18,27%",2013
1,Vlado Mirosevic Verdugo,FA,PL,24273,"34,1%",2017
1,Nino Baltolu Rasera,ChV,UDI,9272,"13,03%",2017
1,Luis Rocafull López,LFM,PS,6430,"9,03%",2017
2,Renzo Trisotti Martínez,ChV,UDI,20084,"22,21%",2017
2,Ramón Galleguillos Castillo,ChV,RN,17279,"19,02%",2017
2,Hugo Gutiérrez Gálvez[nota 1],LFM,PCCh,14332,"15,87%",2017
3,Paulina Núñez Urrutia,ChV,RN,37768,"23,27%",2017
3,José Miguel Castro Bascuñán,ChV,RN,5183,"3,19%",2017
3,Marcela Hernando Pérez,LFM,PR,14817,"9,13%",2017
3,Esteban Velásquez Núñez,CRV,FREVS,10067,"6,2%",2017
3,Catalina Pérez Salinas,FA,RD,6106,"3,76%",2017
4,Daniella Cicardini Milla,LFM,PS,16488,"17,55%",2017
4,Juan Santana Castillo,LFM,PS,6245,"6,66%",2017
4,Sofía Cid Versalovic,ChV,RN,13325,"14,2%",2017
4,Nicolás Noman Garrido,ChV,UDI,5974,"6,37%",2017
4,Jaime Mulet Martínez,CRV,FREVS,9393,"10,06%",2017
5,Sergio Gahona Salazar,ChV,UDI,27332,"11,77%",2017
5,Juán Manuel Fuenzalida Cobo,ChV,UDI,4331,"1,87%",2017
5,Francisco Eguiguren Correa,ChV,RN,11132,"4,8%",2017
5,Pedro Velásquez Seguel,CRV,Ind-FREVS,22587,"9,68%",2017
5,Daniel Núñez Arancibia,LFM,PCCh,15300,"6,61%",2017
5,Raúl Saldívar Auger,LFM,PS,11077,"4,78%",2017
5,Matías Walker Prieto,CODE,DC,15468,"6,66%",2017
6,Andrés Longton Herrera,ChV,RN,38874,"12,21%",2017
6,Luis Pardo Sáinz,ChV,RN,15725,"4,96%",2017
6,Camila Flores Oporto,ChV,RN,15283,"4,81%",2017
6,Pablo Kast Sommerhoff,ChV,Ind-EVOP,28465,"8,94%",2017
6,Marcelo Schilling Rodríguez,LFM,PS,20072,"6,31%",2017
6,Carolina Marzán Pinto,LFM,PPD,14422,"4,53%",2017
6,Daniel Verdessi Belemmi,CODE,DC,11571,"3,65%",2017
6,Diego Ibáñez Cotroneo,FA,PH,9185,"2,89%",2017
7,María José Hoffmann Opazo,ChV,UDI,34690,"10,78%",2017
7,Osvaldo Urrutia Soto,ChV,UDI,18198,"5,67%",2017
7,Andrés Celis Montt,ChV,RN,21285,"6,62%",2017
7,Camila Rojas Valderrama,FA,Ind-PI,14885,"4,61%",2017
7,Jorge Brito Hasbún,FA,RD,13289,"4,13%",2017
7,Rodrigo González Torres,LFM,PPD,16849,"5,21%",2017
7,Marcelo Díaz Díaz,LFM,PS,15265,"4,72%",2017
7,Víctor Torres Jeldes,CODE,DC,14942,"4,62%",2017
8,Joaquín Lavín León,ChV,UDI,75973,"17,84%",2017
8,Patricio Melero Abaroa,ChV,UDI,23042,"5,42%",2017
8,Mario Desbordes Jiménez[nota 3],ChV,RN,17799,"4,2%",2017
8,Claudia Mix Jiménez,FA,Poder,20958,"4,94%",2017
8,Pablo Vidal Rojas,FA,RD,12135,"2,89%",2017
8,Pepe Auth Stewart,LFM,Ind-PR,26839,"6,32%",2017
8,Carmen Hertz Cádiz,LFM,PCCh,16035,"3,78%",2017
8,Gabriel Silber Romo,CODE,DC,29205,"6,89%",2017
9,Érika Olivera De la Fuente,ChV,Ind-RN,30817,"9,13%",2017
9,Jorge Durán Espinoza,ChV,RN,19421,"5,78%",2017
9,Sebastián Keitel Bianchi,ChV,Ind-EVOP,30243,"8,96%",2017
9,Karol Cariola Oliva,LFM,PCCh,50446,"14,95%",2017
9,Boris Barrera Moreno,LFM,PCCh,4352,"1,29%",2017
9,Cristina Girardi Lavín,LFM,PPD,16211,"4,8%",2017
9,Maite Orsini Pascal,FA,RD,21814,"6,48%",2017
10,Marcela Sabat Fernández,ChV,RN,54630,"12,5%",2017
10,Sebastián Torrealba Alvarado,ChV,RN,10196,"2,34%",2017
10,Jorge Alessandri Vergara,ChV,UDI,30833,"7,06%",2017
10,Luciano Cruz-Coke Carvallo,ChV,EVOP,38143,"8,73%",2017
10,Giorgio Jackson Drago,FA,RD,103523,"23,68%",2017
10,Natalia Castillo Muñoz,FA,RD,4453,"1,02%",2017
10,Gonzalo Winter Etcheberry,FA,RD,5237,"1,2%",2017
10,Maya Fernández Allende,LFM,PS,28437,"6,5%",2017
11,Gonzalo Fuenzalida Figueroa,ChV,RN,60132,"15,96%",2017
11,Catalina del Real Mihovilovic,ChV,RN,43499,"11,55%",2017
11,Karin Luck Urban,ChV,RN,6879,"1,83%",2017
11,Francisco Undurraga Gazitúa,ChV,EVOP,58666,"15,56%",2017
11,Guillermo Ramírez Diez,ChV,UDI,30731,"8,16%",2017
11,Tomás Hirsch Goldschmidt,FA,PH,23627,"6,27%",2017
12,Ximena Ossandón Irarrázabal,ChV,RN,52484,"14,99%",2017
12,Leopoldo Pérez Lahsen,ChV,RN,29984,"8,58%",2017
12,Álvaro Carter Fernández,ChV,UDI,27491,"7,84%",2017
12,Pamela Jiles Moreno,FA,PH,45222,"12,91%",2017
12,Miguel Crispi Serrano,FA,RD,25569,"7,34%",2017
12,Camila Vallejo Dowling,LFM,PCCh,47807,"13,7%",2017
12,Amaro Labra Sepúlveda,LFM,PCCh,6316,"1,83%",2017
13,Guillermo Teillier del Valle,LFM,PCCh,28798,"11,75%",2017
13,Tucapel Jiménez Fuentes,LFM,PPD,22551,"9,21%",2017
13,Eduardo Durán Salinas,ChV,RN,19744,"8,04%",2017
13,Cristhian Moreira Barros,ChV,UDI,18125,"7,4%",2017
13,Gael Yeomans Araya,FA,RD,13721,"5,59%",2017
14,Juan Antonio Coloma Álamos,ChV,UDI,35779,"11,78%",2017
14,Jaime Bellolio Avaria[nota 5],ChV,UDI,32044,"10,52%",2017
14,Raúl Leiva Carvajal,LFM,PS,44744,"14,77%",2017
14,Leonardo Soto Ferrada,LFM,PS,22170,"7,3%",2017
14,Marisela Santibáñez Novoa,PTCh,PRO,35984,"11,87%",2017
14,Renato Garín González[nota 6],FA,RD,11573,"3,82%",2017
15,Javier Macaya Danús,ChV,UDI,25219,"13,98%",2017
15,Issa Kort Garriga[nota 7],ChV,UDI,16773,"9,29%",2017
15,Diego Schalper Sepúlveda,ChV,Ind-RN,19285,"10,71%",2017
15,Juan Luis Castro González,LFM,PS,17845,"9,86%",2017
15,Raúl Soto Mardones,CODE,DC,9026,"5,01%",2017
16,Ramón Barros Montero,ChV,UDI,21866,"15,91%",2017
16,Virginia Troncoso Hellman,ChV,UDI,7987,"5,8%",2017
16,Alejandra Sepúlveda Orbenes,CRV,FREVS,31737,"23,05%",2017
16,Cosme Mellado Pino,LFM,PR,8864,"6,45%",2017
17,Celso Morales Espinosa,ChV,UDI,22089,"9,03%",2017
17,Pedro Álvarez-Salamanca Ramírez,ChV,UDI,20541,"8,4%",2017
17,Hugo Rey Martínez,ChV,RN,20517,"8,37%",2017
17,Pablo Prieto Lorca,ChV,Ind-RN,14338,"5,87%",2017
17,Alexis Sepúlveda Soto,LFM,PRSD,18390,"7,52%",2017
17,Pablo Lorenzini Basso,CODE,DC,19884,"8,14%",2017
17,Florcita Alarcón Rojas,FA,PH,6482,"2,68%",2017
18,Ignacio Urrutia Bonilla,ChV,UDI,17739,"14,76%",2017
18,Rolando Rentería Moller,ChV,UDI,16715,"13,78%",2017
18,Manuel Matta Aragay,CODE,DC,12825,"10,63%",2017
18,Jaime Naranjo Ortiz,LFM,PS,13390,"11,08%",2017
19,Frank Sauberbaum Muñoz,ChV,RN,18107,"9,35%",2017
19,Gustavo Sanhueza Dueñas,ChV,UDI,15680,"8,08%",2017
19,Carlos Abel Jarpa Wevar,LFM,PRSD,15377,"7,93%",2017
19,Loreto Carvajal Ambiado,LFM,PPD,12734,"6,57%",2017
19,Jorge Sabag Villalobos,CODE,DC,28995,"14,95%",2017
20,Enrique van Rysselberghe Herrera,ChV,UDI,28757,"8,54%",2017
20,Sergio Bobadilla Muñoz,ChV,UDI,18432,"5,47%",2017
20,Francesca Muñoz González,ChV,RN,23165,"6,86%",2017
20,Leonidas Romero Sáez,ChV,RN,11414,"3,38%",2017
20,Gastón Saavedra Chandía,LFM,PS,30557,"9,05%",2017
20,Jaime Tohá González,LFM,PS,8145,"2,41%",2017
20,José Miguel Ortiz Novoa,CODE,DC,29496,"8,74%",2017
20,Félix González Gatica,FA,PEV,18397,"5,45%",2017
21,Iván Norambuena Farías,ChV,UDI,33261,"17,42%",2017
21,Cristóbal Urruticoechea Ríos,ChV,RN,22190,"11,63%",2017
21,José Pérez Arriagada,LFM,PR,27066,"14,21%",2017
21,Manuel Monsalve Benavides,LFM,PS,19632,"10,3%",2017
21,Joanna Pérez Olea,CODE,DC,12035,"6,26%",2017
22,Diego Paulsen Kehr,ChV,RN,24405,"22,49%",2017
22,Jorge Rathgeb Schifferli,ChV,RN,21594,"19,87%",2017
22,Andrea Parra Sauterel,LFM,PPD,10312,"9,54%",2017
22,Mario Venegas Cárdenas,CODE,DC,14991,"13,86%",2017
23,René Manuel García García,ChV,RN,23118,"10,28%",2017
23,Miguel Mellado Suazo,ChV,RN,13708,"6,1%",2017
23,Andrés Molina Magofke,ChV,EVOP,23927,"10,64%",2017
23,Sebastián Álvarez Ramírez,ChV,EVOP,5319,"2,37%",2017
23,Ricardo Celis Araya,LFM,PPD,16335,"7,27%",2017
23,Fernando Meza Moncada,LFM,PR,13696,"6,05%",2017
23,René Saffirio Espinoza,IND,Ind,38578,"17,15%",2017
24,Bernardo Berger Fett,ChV,RN,24070,"17,29%",2017
24,Gastón Von Mühlenbrock Zamora,ChV,UDI,12542,9%,2017
24,Marcos Ilabaca Cerda,LFM,PS,15739,"11,29%",2017
24,Patricio Rosas Barrientos,LFM,PS,13379,"9,54%",2017
24,Iván Flores García,CODE,DC,13242,"9,5%",2017
25,Harry Jürgensen Rundshagen,ChV,RN,20531,"15,76%",2017
25,Javier Hernández Hernández,ChV,UDI,16367,"12,58%",2017
25,Fidel Espinoza Sandoval,LFM,PS,27999,"21,54%",2017
25,Emilia Nuyado Ancapichún,LFM,PS,8149,"6,27%",2017
26,Alejandro Santana Tirachini,ChV,RN,23558,"17,1%",2017
26,Carlos Kuschel Silva,ChV,RN,11250,"8,17%",2017
26,Jenny Álvarez Vera,LFM,PS,10162,"7,38%",2017
26,Alejandro Bernales Maldonado,FA,PL,6200,"4,5%",2017
26,Gabriel Ascencio Mansilla,CODE,DC,9326,"6,78%",2017
27,René Alinco Bustos,LFM,Ind-PPD,3121,"8,85%",2017
27,Miguel Ángel Calisto Águila,CODE,DC,8822,"24,96%",2017
27,Aracely Leuquén Uribe,ChV,RN,3925,"11,16%",2017
28,Gabriel Boric Font,FA,Ind-PH,18626,"32,82%",2017
28,Karim Bianchi Retamales,LFM,Ind-PR,4190,"7,38%",2017
28,Sandra Amar Mancilla,ChV,Ind-UDI,6871,"12,08%",2017
1,Vlado Mirosevic Verdugo,NPS,PL,16819,"20,91%",2021
1,Luis Malla Valenzuela,NPS,PL,2699,"3,36%",2021
1,Enrique Lee Flores,ChP+,Ind-PRI,7321,"9,1%",2021
2,Renzo Trisotti Martínez,ChP+,UDI,11079,"11,07%",2021
2,Matías Ramírez Pascal,AD,PCCh,9861,"9,86%",2021
2,Danisa Astudillo Peiretti,NPS,PS,7565,"7,56%",2021
3,Catalina Pérez Salinas,AD,RD,13197,"7,24%",2021
3,Sebastián Videla Castillo,NPS,Ind-PL,12238,"6,72%",2021
3,Jaime Araya Guerrero,NPS,Ind-PPD,11603,"6,37%",2021
3,Yovana Ahumada Palma,PDG,PDG,11851,"6,51%",2021
3,José Miguel Castro Bascuñán,ChP+,RN,8654,"4,75%",2021
4,Daniella Cicardini Milla,NPS,PS,16149,"16,35%",2021
4,Juan Santana Castillo,NPS,PS,13445,"13,61%",2021
4,Cristian Tapia Ramos,NPS,Ind-PPD,6291,"6,37%",2021
4,Jaime Mulet Martínez,AD,FRVS,8069,"8,17%",2021
4,Sofía Cid Versalovic,ChP+,RN,5041,"6,68%",2021
5,Marco Sulantay Olivares,ChP+,UDI,18293,"11,77%",2021
5,Juán Manuel Fuenzalida Cobo,ChP+,UDI,9312,"3,93%",2021
5,Nathalie Castillo Rojas,AD,PCCh,12297,"5,19%",2021
5,Carolina Tello Rojas,AD,PCCh,12228,"5,16%",2021
5,Daniel Manouchehri Lobos,NPS,PS,12268,"5,18%",2021
5,Ricardo Cifuentes Lillo,NPS,DC,11433,"4,83%",2021
5,Víctor Pino Fuentes,PDG,PDG,9260,"3,91%",2021
6,Diego Ibáñez Cotroneo,AD,CS,34419,"9,69%",2021
6,María Francisca Bello Campos,AD,CS,8757,"2,47%",2021
6,Carolina Marzán Pinto,NPS,PPD,33429,"9,41%",2021
6,Nelson Venegas Salazar,NPS,PS,25325,"7,13%",2021
6,Andrés Longton Herrera,ChP+,RN,29163,"7,13%",2021
6,Camila Flores Oporto,ChP+,RN,16461,"4,61%",2021
6,Chiara Barchiesi Chávez,FSC,PRCh,24520,"6,91%",2021
6,Gaspar Rivas Sánchez,PDG,PDG,14846,"4,18%",2021
7,Tomás Lagomarsino Guzmán,NPS,Ind-PR,26349,"7,38%",2021
7,Tomás De Rementería Venegas,NPS,Ind-PS,5820,"1,63%",2021
7,Jorge Brito Hasbún,AD,RD,23548,"6,6%",2021
7,Camila Rojas Valderrama,AD,COM,17761,"4,61%",2021
7,Luis Cuello Peña y Lillo,AD,PCCh,13305,"3,73%",2021
7,Andrés Celis Montt,ChP+,RN,19101,"5,32%",2021
7,Hotuiti Teao Drago,ChP+,Ind-EVO,16061,"4,5%",2021
7,Luis Sánchez Ossa,FSC,PRCh,16347,"4,58%",2021
8,Carmen Hertz Cádiz,AD,PCCh,48806,"10,38%",2021
8,Claudia Mix Jiménez,AD,COM,24261,"5,16%",2021
8,Joaquín Lavín León,ChP+,UDI,33111,"7,04%",2021
8,Cristián Labbé Martínez,ChP+,UDI,11795,"2,51%",2021
8,Agustín Romero Leiva,FSC,PRCh,17112,"3,46%",2021
8,Viviana Delgado Riquelme,PEV,PEV,20036,"4,26%",2021
8,Alberto Undurraga Vicuña,NPS,DC,17086,"3,63%",2021
8,Rubén Oyarzo Figueroa,PDG,PDG,6943,"1,48%",2021
9,Karol Cariola Oliva,AD,PCCh,78719,"23,6%",2021
9,Boris Barrera Moreno,AD,PCCh,7763,"2,33%",2021
9,Maite Orsini Pascal,AD,RD,19040,"5,71%",2021
9,Andrés Giordano Salazar,AD,Ind-RD,2842,"0,85%",2021
9,Jorge Durán Espinoza,ChP+,RN,21794,"6,53%",2021
9,Érika Olivera De la Fuente,ChP+,Ind-RN,13803,"4,14%",2021
9,José Carlos Meza Pereira,FSC,PRCh,14737,"4,42%",2021
10,Gonzalo Winter Etcheberry,AD,CS,66590,"14,58%",2021
10,Lorena Fries Monleón,AD,Ind-CS,11545,"2,53%",2021
10,Emilia Schneider Videla,AD,COM,26130,"5,72%",2021
10,Alejandra Placencia Cabello,AD,PCCh,17970,"3,93%",2021
10,Jorge Alessandri Vergara,ChP+,UDI,49419,"10,82%",2021
10,María Luisa Cordero Velásquez,ChP+,IND-RN,20498,"4,49%",2021
10,Johannes Kaiser Barents-Von Hohenhagen,FSC,PRCh,26610,"5,82%",2021
10,Helia Molina Milman,NPS,PPD,18907,"4,14%",2021
11,Gonzalo de la Carrera Correa,FSC,PRCh,46032,"11,15%",2021
11,Cristián Araya Lerdo de Tejada,FSC,PRCh,16734,"4,05%",2021
11,Francisco Undurraga Gazitúa,ChP+,EVO,43372,"10,5%",2021
11,Guillermo Ramírez Diez,ChP+,UDI,40321,"9,76%",2021
11,Catalina del Real Mihovilovic,ChP+,RN,28300,"6,85%",2021
11,Tomás Hirsch Goldschmidt,AD,Ind-COM,28501,"6,9%",2021
12,Pamela Jiles Moreno,DA,PH,77136,"19,66%",2021
12,Hernán Palma Pérez,DA,PH,948,"0,24%",2021
12,Mónica Arce Castro,DA,IND-PH,1046,"0,27%",2021
12,Ximena Ossandón Irarrázabal,ChP+,RN,41010,"10,45%",2021
12,Álvaro Carter Fernández,ChP+,Ind-UDI,30764,"7,84%",2021
12,Ana María Gazmuri Vieira,AD,Ind-COM,28401,"7,24%",2021
12,Daniela Serrano Salazar,AD,PCCh,14727,"3,75%",2021
13,Gael Yeomans Araya,AD,CS,31405,"13,11%",2021
13,Lorena Pizarro Sierra,AD,PCCh,20788,"8,68%",2021
13,Cristhian Moreira Barros,ChP+,UDI,16571,"6,92%",2021
13,Eduardo Durán Salinas,ChP+,RN,14559,"6,08%",2021
13,Daniel Melo Contreras,NPS,PS,12076,"5,04%",2021
14,Marisela Santibáñez Novoa,AD,PCCh,55755,"17,72%",2021
14,Camila Musante Müller,AD,Ind-COM,12335,"3,79%",2021
14,Raúl Leiva Carvajal,NPS,PS,40850,"12,54%",2021
14,Leonardo Soto Ferrada,NPS,PS,20791,"6,38%",2021
14,Juan Antonio Coloma Álamos,ChP+,UDI,34767,"10,67%",2021
14,Juan Irarrázaval Rossel,FSC,PRCh,13223,"4,06%",2021
15,Raúl Soto Mardones,NPS,PPD,55072,"27,76%",2021
15,Marta González Olea,NPS,Ind-PPD,1968,"0,99%",2021
15,Diego Schalper Sepúlveda,ChP+,RN,17091,"8,61%",2021
15,Natalia Romero Talguia,ChP+,Ind-UDI,10327,"5,2%",2021
15,Marcela Riquelme Aliaga,AD,Ind-CS,11493,"5,79%",2021
16,Carla Morales Maldonado,ChP+,RN,16044,"11,38%",2021
16,Eduardo Cornejo Lagos,ChP+,UDI,10862,"8,01%",2021
16,Cosme Mellado Pino,NPS,PR,13469,"9,93%",2021
16,Félix Bugueño Sotelo,AD,FRVS,9035,"6,66%",2021
17,Hugo Rey Martínez,ChP+,RN,17694,"7,32%",2021
17,Jorge Guzmán Zepeda,ChP+,EVO,12648,"5,25%",2021
17,Felipe Donoso Castro,ChP+,UDI,11761,"4,87%",2021
17,Alexis Sepúlveda Soto,NPS,PR,14027,"5,81%",2021
17,Benjamín Moreno Bascur,FSC,PRCh,16705,"6,91%",2021
17,Mercedes Bulnes Núñez,AD,Ind-RD,8418,"3,48%",2021
17,Francisco Pulgar Castillo,IU,Ind-CU,23049,"9,54%",2021
18,Paula Labra Besserer,ChP+,Ind-RN,13037,"11,06%",2021
18,Gustavo Benavente Vergara,ChP+,UDI,8089,"6,86%",2021
18,Jaime Naranjo Ortiz,NPS,PS,15015,"12,73%",2021
18,Consuelo Veloso Ávila,AD,RD,8913,"7,56%",2021
19,Cristóbal Martínez Ramírez,ChP+,UDI,29941,"17,79%",2021
19,Marta Bravo Salinas,ChP+,UDI,11260,"6,69%",2021
19,Frank Sauberbaum Muñoz,ChP+,RN,15560,"9,24%",2021
19,Felipe Camaño Cárdenas,NPS,Ind-DC,8102,"4,81%",2021
19,Sara Concha Smith,FSC,PCC,5298,"3,15%",2021
20,Francesca Muñoz González,ChP+,RN,32061,"9,25%",2021
20,Leonidas Romero Sáez,ChP+,RN,11777,"3,4%",2021
20,Sergio Bobadilla Muñoz,ChP+,UDI,23732,"6,84%",2021
20,Marlene Pérez Cartes,ChP+,Ind-UDI,18490,"5,33%",2021
20,Eric Aedo Jeldres,NPS,DC,10706,"3,09%",2021
20,Félix González Gatica,PEV,PEV,30088,"8,68%",2021
20,María Candelaria Acevedo Sáez,AD,PCCh,7002,"2,02%",2021
20,Roberto Arroyo Muñoz,PDG,PDG,9465,"2,73%",2021
21,Joanna Pérez Olea,NPS,DC,19465,"9,92%",2021
21,Cristóbal Urruticoechea Ríos,FSC,PRCh,22772,"11,61%",2021
21,Flor Weisse Novoa,ChP+,UDI,21759,"11,09%",2021
21,Karen Medina Vásquez,PDG,PDG,10056,"5,13%",2021
21,Clara Sagardía Cabezas,AD,Ind-CS,8996,"4,59%",2021
22,Jorge Rathgeb Schifferli,ChP+,RN,20451,"18,99%",2021
22,Juan Carlos Beltrán Silva,ChP+,RN,10730,"9,96%",2021
22,Jorge Saffirio Espinoza,NPS,DC,5892,"5,47%",2021
22,Gloria Naveillán Arriagada,FSC,PRCh,6252,"5,81%",2021
23,Henry Leal Bizama,ChP+,UDI,17913,"7,43%",2021
23,Miguel Becker Alvear,ChP+,RN,16328,"6,78%",2021
23,Miguel Mellado Suazo,ChP+,RN,14160,"5,88%",2021
23,Mauricio Ojeda Rebolledo,FSC,Ind-PRCh,14906,"6,37%",2021
23,Stephan Schubert Rubio,FSC,Ind-PRCh,12773,"5,3%",2021
23,Andrés Jouannet Valderrama,NPS,Ind-PR,8050,"3,34%",2021
23,Ericka Ñanco Vásquez,AD,RD,9704,"4,03%",2021
24,Marcos Ilabaca Cerda,NPS,PS,35469,"24,67%",2021
24,Ana María Bravo Castro,NPS,PS,1856,"1,29%",2021
24,Gastón Von Mühlenbrock Zamora,ChP+,UDI,13270,"9,23%",2021
24,Bernardo Berger Fett,ChP+,Ind-RN,11107,"7,72%",2021
24,Patricio Rosas Barrientos,AD,Ind-CS,6602,"4,59%",2021
25,Emilia Nuyado Ancapichún,NPS,PS,15958,"11,6%",2021
25,Héctor Barría Angulo,NPS,DC,12986,"9,44%",2021
25,Daniel Lilayu Vivanco,ChP+,UDI,8974,"6,52%",2021
25,Harry Jürgensen Rundshagen,FSC,Ind-PRCh,22539,"16,38%",2021
26,Alejandro Bernales Maldonado,NPS,PL,9155,"6,16%",2021
26,Héctor Ulloa Aguilera,NPS,Ind-CIU,9107,"6,12%",2021
26,Mauro González Villarroel,ChP+,RN,9545,"6,42%",2021
26,Fernando Bórquez Montencinos,ChP+,Ind-UDI,7670,"5,16%",2021
26,Jaime Sáez Quiroz,AD,RD,4768,"3,21%",2021
27,Miguel Ángel Calisto Águila,NPS,DC,9738,"25,72%",2021
27,René Alinco Bustos,NPS,Ind-PPD,4798,"12,67%",2021
27,Marcia Raphael Mora,ChP+,RN,3890,"10,28%",2021
28,Carlos Bianchi Chelech,IND,Ind,26297,"40,45%",2021
28,Christian Matheson Villán,ChP+,Ind-EVO,7212,"11,09%",2021
28,Javiera Morales Alvarado,AD,Ind-CS,4543,"6,99%",2021
1,Luis Malla Valenzuela,Unidad por Chile,PL,29252,"21,56%",2025
1,Jorge Díaz Ibarra,Unidad por Chile,DC,18588,"13,7%",2025
1,Stephanie Jéldrez Ortíz,Cambio por Chile,PRCh,12608,"9,29%",2025
2,Carlos Carvajal Gallardo,Unidad por Chile,Ind-PPD,25469,"13,91%",2025
2,Ximena Naranjo Pinto,Chile Grande y Unido,Ind-UDI,19330,"10,55%",2025
2,Álvaro Jofré Cáceres,Cambio por Chile,PNL,14988,"8,18%",2025
3,Sebastián Videla Castillo,Unidad por Chile,Ind-PL,74910,"23,38%",2025
3,Jaime Araya Guerrero,Unidad por Chile,Ind-PPD,13687,"4,27%",2025
3,Marcela Hernando Pérez,Unidad por Chile,PR,11973,"3,74%",2025
3,Fabián Ossandón Briceño,Partido de la Gente,PDG,33381,"10,42%",2025
3,Carlo Arqueros Pizarro,Cambio por Chile,PRCh,12528,"3,91%",2025
4,Juan Santana Castillo,Unidad por Chile,PS,19595,"11,3%",2025
4,Cristian Tapia Ramos,Unidad por Chile,Ind-PPD,18375,"10,59%",2025
4,Jaime Mulet Martínez,"Verdes, Regionalistas y Humanistas",FRVS,20747,"11,96%",2025
4,Paula Olmos Contreras,Partido de la Gente,PDG,10046,"5,79%",2025
4,Ignacio Urcullú Clement-Lund,Cambio por Chile,PRCh,8416,"4,85%",2025
5,Daniel Manouchehri Lobos,Unidad por Chile,PS,95526,"21,14%",2025
5,Nathalie Castillo Rojas,Unidad por Chile,PCCh,19490,"4,31%",2025
5,Carolina Tello Rojas,Unidad por Chile,FA,15199,"3,36%",2025
5,Bernardo Salinas Maya,Unidad por Chile,Ind-PCCh,3843,"0,85%",2025
5,Marco Sulantay Olivares,Chile Grande y Unido,UDI,23061,"5,1%",2025
5,Eileen Urqueta Rojas,Partido de la Gente,PDG,15849,"3,51%",2025
5,Erich Grohs Marín,Cambio por Chile,PNL,13688,"3,03%",2025
6,Nelson Venegas Salazar,Unidad por Chile,PS,38396,"6,48%",2025
6,Sofía González Cortés,Unidad por Chile,PCCh,33528,"5,66%",2025
6,Cristian Mella Andaur,Unidad por Chile,DC,31178,"5,26%",2025
6,María Francisca Bello Campos,Unidad por Chile,FA,30663,"5,17%",2025
6,Chiara Barchiesi Chávez,Cambio por Chile,PRCh,63230,"10,67%",2025
6,Benjamín Lorca Inzunza,Cambio por Chile,PRCh,19768,"3,34%",2025
6,Luis Pardo Sáinz,Chile Grande y Unido,RN,43785,"7,39%",2025
6,Javier Olivares Avendaño,Partido de la Gente,PDG,32334,"5,46%",2025
7,Jaime Bassa Mercado,Unidad por Chile,FA,40585,"7,21%",2025
7,Jorge Brito Hasbún,Unidad por Chile,FA,34402,"6,11%",2025
7,Luis Cuello Peña y Lillo,Unidad por Chile,PCCh,37819,"6,72%",2025
7,Luis Sánchez Ossa,Cambio por Chile,PRCh,38072,"6,76%",2025
7,Sebastián Zamora Soto,Cambio por Chile,Ind-PRCh,25871,"4,59%",2025
7,Hotuiti Teao Drago,Chile Grande y Unido,Ind-UDI,46713,"8,3%",2025
7,Andrés Celis Montt,Chile Grande y Unido,RN,27850,"4,95%",2025
7,Juan Marcelo Valenzuela Henríquez,Partido de la Gente,PDG,26410,"4,69%",2025
8,Gustavo Gatica Villarroel,Unidad por Chile,Ind-PCCh,96002,"12,33%",2025
8,Marcos Barraza Gómez,Unidad por Chile,PCCh,26580,"3,41%",2025
8,Tatiana Urrutia Herrera,Unidad por Chile,FA,33684,"4,33%",2025
8,Agustín Romero Leiva,Cambio por Chile,PRCh,54474,7%,2025
8,Enrique Bassaletti Riess,Cambio por Chile,Ind-PRCh,48152,"6,19%",2025
8,Pier Karlezi Hazleby,Cambio por Chile,PNL,23232,"2,98%",2025
8,Cristian Contreras Radovic,Partido de la Gente,PDG,53487,"6,87%",2025
8,Mario Olavarría Rodríguez,Chile Grande y Unido,UDI,24095,"3,1%",2025
9,Carlos Cuadrado Prats,Unidad por Chile,PPD,46184,"8,91%",2025
9,Boris Barrera Moreno,Unidad por Chile,PCCh,39326,"7,59%",2025
9,César Valenzuela Maass,Unidad por Chile,PS,24026,"4,64%",2025
9,José Carlos Meza Pereira,Cambio por Chile,PRCh,34288,"6,62%",2025
9,Javiera Rodríguez Pascual,Cambio por Chile,PRCh,25553,"4,93%",2025
9,Tamara Ramírez Ramírez,Partido de la Gente,PDG,24269,"4,68%",2025
9,Guillermo Ramírez Diez,Chile Grande y Unido,UDI,19361,"3,74%",2025
10,Gonzalo Winter Etcheberry,Unidad por Chile,FA,94924,"14,56%",2025
10,Emilia Schneider Videla,Unidad por Chile,FA,31365,"4,81%",2025
10,Lorena Fries Monleón,Unidad por Chile,FA,15620,"0,86%",2025
10,Irací Hassler Jacob,Unidad por Chile,PCCh,47064,"7,22%",2025
10,José Antonio Kast Adriasola,Cambio por Chile,PRCh,57245,"8,78%",2025
10,Hans Marowski Cuevas,Cambio por Chile,PNL,28163,"4,32%",2025
10,Francisco Orrego Gutiérrez,Chile Grande y Unido,RN,61027,"9,36%",2025
10,Jorge Alessandri Vergara,Chile Grande y Unido,UDI,56977,"8,74%",2025
11,Diego Schalper Sepúlveda,Chile Grande y Unido,RN,69960,"13,09%",2025
11,Claudia Mora Vega,Chile Grande y Unido,RN,20496,"3,83%",2025
11,Constanza Hube Portus,Chile Grande y Unido,UDI,56840,"10,63%",2025
11,Catalina del Real Mihovilovic,Cambio por Chile,PRCh,57641,"10,78%",2025
11,Cristián Araya Lerdo de Tejada,Cambio por Chile,PRCh,42945,"8,03%",2025
11,Constanza Schönhaut Soto,Unidad por Chile,FA,26274,"4,91%",2025
12,Álvaro Carter Fernández,Cambio por Chile,PRCh,71126,"11,22%",2025
12,Macarena Santelices Cañas,Cambio por Chile,PRCh,23737,"3,74%",2025
12,Pamela Jiles Moreno,Partido de la Gente,PDG,97421,"15,37%",2025
12,Zandra Parisi Fernández,Partido de la Gente,PDG,15682,"2,47%",2025
12,Ana María Gazmuri Vieira,"Verdes, Regionalistas y Humanistas",AH,59163,"9,33%",2025
12,Ximena Ossandón Irarrázabal,Chile Grande y Unido,RN,50084,"7,9%",2025
12,Daniela Serrano Salazar,Unidad por Chile,PCCh,45860,"7,23%",2025
13,Gael Yeomans Araya,Unidad por Chile,FA,47227,"12,56%",2025
13,Lorena Pizarro Sierra,Unidad por Chile,PCCh,30851,"8,2%",2025
13,Felipe Ross Correa,Cambio por Chile,PRCh,36921,"9,82%",2025
13,Valentina Becerra Peña,Cambio por Chile,PRCh,22556,6%,2025
13,Eduardo Durán Salinas,Chile Grande y Unido,RN,17809,"4,74%",2025
14,Ignacio Achurra Díaz,Unidad por Chile,FA,49941,"8,55%",2025
14,Marisela Santibáñez Novoa,Unidad por Chile,Ind-PCCh,47456,"8,13%",2025
14,Raúl Leiva Carvajal,Unidad por Chile,PS,41941,"7,18%",2025
14,Diego Vergara Rodríguez,Cambio por Chile,PRCh,46174,"7,91%",2025
14,Juan Irarrázaval Rossel,Cambio por Chile,PRCh,43387,"7,43%",2025
14,Jaime Coloma Álamos,Chile Grande y Unido,UDI,46865,"8,02%",2025
15,Raúl Soto Mardones,Unidad por Chile,PPD,65612,"18,85%",2025
15,Fernando Zamorano Peralta,Unidad por Chile,PPD,4630,"1,33%",2025
15,Valentina Cáceres Monsalvez,Unidad por Chile,Ind-FA,25967,"7,46%",2025
15,Natalia Romero Talguia,Chile Grande y Unido,Ind-UDI,34855,"10,01%",2025
15,Fernando Ugarte Tejeda,Cambio por Chile,PRCh,28892,"8,3%",2025
16,Carolina Cucumides Calderón,Unidad por Chile,Ind-PS,23100,"8,85%",2025
16,Félix Bugueño Sotelo,Unidad por Chile,FA,20565,"7,88%",2025
16,Ricardo Neumann Bertín,Chile Grande y Unido,UDI,31844,"12,21%",2025
16,Sebastián Cristoffanini Jaraquemada,Cambio por Chile,PRCh,17608,"6,75%",2025
17,Priscilla Castillo Gerli,Unidad por Chile,DC,47964,"10,37%",2025
17,Javier Muñoz Riquelme,Unidad por Chile,DC,34965,"7,55%",2025
17,Roberto Celedón Fernández,Unidad por Chile,Ind-FA,44677,"9,66%",2025
17,Benjamín Moreno Bascur,Cambio por Chile,PRCh,34451,"7,45%",2025
17,Germán Verdugo Soto,Cambio por Chile,PNL,21484,"4,65%",2025
17,Jorge Guzmán Zepeda,Chile Grande y Unido,EVO,37180,"8,04%",2025
17,Guillermo Valdés Carmona,Partido de la Gente,PDG,12500,"2,7%",2025
18,Cristián Menchaca Pinochet,Cambio por Chile,Ind-PRCh,32735,"13,55%",2025
18,Daniel Bustos Leal,Cambio por Chile,PRCh,13629,"5,64%",2025
18,Consuelo Veloso Ávila,Unidad por Chile,Ind-PR,35978,"14,89%",2025
18,Rodrigo Ramírez Parra,Chile Grande y Unido,Ind-RN,19521,"8,08%",2025
19,Cristóbal Martínez Ramírez,Chile Grande y Unido,UDI,24969,"7,46%",2025
19,Carlos Chandía Alarcón,Chile Grande y Unido,RN,23318,"6,96%",2025
19,Felipe Camaño Cárdenas,Unidad por Chile,Ind-DC,38958,"11,63%",2025
19,Francisco Crisóstomo Llanos,Unidad por Chile,PS,15857,"4,74%",2025
19,Sara Concha Smith,Cambio por Chile,PSC,18816,"5,62%",2025
20,Francesca Muñoz González,Cambio por Chile,PSC,54759,"9,21%",2025
20,Roberto Arroyo Muñoz,Cambio por Chile,PSC,7963,"1,34%",2025
20,Paz Charpentier Rajcevich,Cambio por Chile,PRCh,45604,"7,67%",2025
20,Marlene Pérez Cartes,Chile Grande y Unido,Ind-UDI,27001,"4,54%",2025
20,Sergio Bobadilla Muñoz,Chile Grande y Unido,UDI,19468,"3,27%",2025
20,Álvaro Ortiz Vera,Unidad por Chile,DC,42415,"7,13%",2025
20,Antonio Rivas Villalobos,Unidad por Chile,PS,27791,"4,67%",2025
20,Patricio Briones Moller,Partido de la Gente,PDG,18387,"3,09%",2025
21,Flor Weisse Novoa,Chile Grande y Unido,UDI,37017,"9,36%",2025
21,Joanna Pérez Olea,Chile Grande y Unido,DEM,33310,"8,42%",2025
21,Cristóbal Urruticoechea Ríos,Cambio por Chile,PNL,28259,"7,14%",2025
21,Patricio Pinilla Valencia,Unidad por Chile,DC,20206,"5,11%",2025
21,Lilian Betancurt Delgado,Partido de la Gente,PDG,14640,"3,7%",2025
22,Eduardo Cretton Rebolledo,Chile Grande y Unido,UDI,29959,"15,38%",2025
22,Juan Carlos Beltrán Silva,Chile Grande y Unido,RN,25862,"13,27%",2025
22,Gloria Naveillán Arriagada,Cambio por Chile,PNL,16445,"8,44%",2025
22,Andrea Parra Sauterel,Unidad por Chile,PPD,14473,"7,43%",2025
23,José Montalva Fehuerhake,Unidad por Chile,Ind-PPD,34270,"7,96%",2025
23,Coca Ñanco Vásquez,Unidad por Chile,FA,28610,"6,64%",2025
23,Stephan Schubert Rubio,Cambio por Chile,PRCh,41089,"9,54%",2025
23,Cristian Neira Martínez,Cambio por Chile,PRCh,14065,"3,27%",2025
23,Tomás Kast Sommerhoff,Chile Grande y Unido,EVO,35207,"8,17%",2025
23,René Manuel García García,Chile Grande y Unido,RN,18216,"4,23%",2025
23,Flor Contreras Vivallo,Partido de la Gente,PDG,10812,"2,51%",2025
24,Marcos Ilabaca Cerda,Unidad por Chile,PS,33972,"13,04%",2025
24,Matías Fernández Hatwig,Unidad por Chile,FA,26415,"10,14%",2025
24,Omar Sabat Guzmán,Chile Grande y Unido,Ind-UDI,26742,"10,27%",2025
24,Daniel Valenzuela Salazar,Chile Grande y Unido,Ind-RN,15056,"5,78%",2025
24,Leandro Kunstmann Collado,Cambio por Chile,PRCh,23578,"9,05%",2025
25,Héctor Barría Angulo,Unidad por Chile,DC,32370,"13,72%",2025
25,Emilia Nuyado Ancapichún,Unidad por Chile,PS,30918,"13,11%",2025
25,Daniel Lilayu Vivanco,Chile Grande y Unido,UDI,24934,"10,57%",2025
25,Paulina Muñoz Minte,Cambio por Chile,PNL,20361,"8,63%",2025
26,Alejandro Bernales Maldonado,Unidad por Chile,PL,35540,"11,95%",2025
26,Héctor Ulloa Aguilera,Unidad por Chile,Ind-PPD,20407,"6,86%",2025
26,Mauro González Villarroel,Chile Grande y Unido,RN,35330,"11,88%",2025
26,Claudia Reyes Larenas,Cambio por Chile,PRCh,30928,"10,4%",2025
26,Alex Nahuelquín Nahuelquín,Partido de la Gente,PDG,30374,"10,21%",2025
27,Andrea Macías Palma,Unidad por Chile,PS,9655,"15,47%",2025
27,René Alinco Bustos,"Verdes, Regionalistas y Humanistas",Ind-FRVS,8920,"14,3%",2025
27,Alejandra Valdebenito Torres,Chile Grande y Unido,UDI,6482,"10,39%",2025
28,Carlos Bianchi Chelech,Independiente,Ind.,25009,"24,89%",2025
28,Alejandro Riquelme Ducci,Cambio por Chile,PRCh,12717,"12,66%",2025
28,Javiera Morales Alvarado,Unidad por Chile,FA,9361,"9,32%",2025